model,condition,persona_id,n_calls,tokens_input,tokens_output,tokens_total
qwen2.5-32b,full,1,2,2794,806,3600
qwen2.5-32b,full,2,2,2647,692,3339
qwen2.5-32b,full,3,2,2658,711,3369
qwen2.5-32b,full,4,2,2548,747,3295
qwen2.5-32b,full,5,2,2378,577,2955
qwen2.5-32b,full,6,2,2768,717,3485
qwen2.5-32b,full,7,2,2573,660,3233
qwen2.5-32b,full,8,2,2535,691,3226
qwen2.5-32b,full,9,2,2542,739,3281
qwen2.5-32b,full,10,2,2687,733,3420
qwen2.5-32b,full,11,2,2723,730,3453
qwen2.5-32b,full,12,2,2757,797,3554
qwen2.5-32b,full,13,2,2633,744,3377
qwen2.5-32b,full,14,2,2777,681,3458
qwen2.5-32b,full,15,2,2399,694,3093
qwen2.5-32b,full,16,2,2876,718,3594
qwen2.5-32b,full,17,2,2848,679,3527
qwen2.5-32b,full,18,2,2280,540,2820
qwen2.5-32b,full,19,2,2551,727,3278
qwen2.5-32b,full,20,2,2656,740,3396
qwen2.5-32b,full,21,2,2610,672,3282
qwen2.5-32b,full,22,2,2529,797,3326
qwen2.5-32b,full,23,2,2944,859,3803
qwen2.5-32b,full,24,2,2520,694,3214
qwen2.5-32b,full,25,2,2413,706,3119
qwen2.5-32b,full,26,2,2727,693,3420
qwen2.5-32b,full,27,2,2433,720,3153
qwen2.5-32b,full,28,2,2470,745,3215
qwen2.5-32b,full,29,2,2504,654,3158
qwen2.5-32b,full,30,2,2672,736,3408
qwen2.5-32b,full,31,2,2814,667,3481
qwen2.5-32b,full,32,2,2820,791,3611
qwen2.5-32b,full,33,2,2515,662,3177
qwen2.5-32b,full,34,2,2441,642,3083
qwen2.5-32b,full,35,2,2828,722,3550
qwen2.5-32b,full,36,2,2597,726,3323
qwen2.5-32b,full,37,2,2452,615,3067
qwen2.5-32b,full,38,2,2668,687,3355
qwen2.5-32b,full,39,2,2557,688,3245
qwen2.5-32b,full,40,2,2461,677,3138
qwen2.5-32b,full,41,2,2518,697,3215
qwen2.5-32b,full,42,2,2845,740,3585
qwen2.5-32b,full,43,2,2732,778,3510
qwen2.5-32b,full,44,2,2658,706,3364
qwen2.5-32b,full,45,2,2700,746,3446
qwen2.5-32b,full,46,2,2757,778,3535
qwen2.5-32b,full,47,2,2317,666,2983
qwen2.5-32b,full,48,2,2458,725,3183
qwen2.5-32b,full,49,2,2638,736,3374
qwen2.5-32b,full,50,2,2536,723,3259
qwen2.5-32b,full,51,2,2753,767,3520
qwen2.5-32b,full,52,2,2427,664,3091
qwen2.5-32b,full,53,2,2436,577,3013
qwen2.5-32b,full,54,2,2397,591,2988
qwen2.5-32b,full,55,2,2462,633,3095
qwen2.5-32b,full,56,2,2557,739,3296
qwen2.5-32b,full,57,2,2869,747,3616
qwen2.5-32b,full,58,2,2747,777,3524
qwen2.5-32b,full,59,2,2692,742,3434
qwen2.5-32b,full,60,2,2505,657,3162
qwen2.5-32b,full,61,2,2362,642,3004
qwen2.5-32b,full,62,2,2602,731,3333
qwen2.5-32b,full,63,2,2490,635,3125
qwen2.5-32b,full,64,2,2423,597,3020
qwen2.5-32b,full,65,2,2400,657,3057
qwen2.5-32b,full,66,2,2656,682,3338
qwen2.5-32b,full,67,2,2660,707,3367
qwen2.5-32b,full,68,2,2396,692,3088
qwen2.5-32b,full,69,2,2491,694,3185
qwen2.5-32b,full,70,2,2452,636,3088
qwen2.5-32b,full,71,2,2563,657,3220
qwen2.5-32b,full,72,2,2475,650,3125
qwen2.5-32b,full,73,2,2344,602,2946
qwen2.5-32b,full,74,2,2585,719,3304
qwen2.5-32b,full,75,2,2844,754,3598
qwen2.5-32b,full,76,2,2532,798,3330
qwen2.5-32b,full,77,2,2669,698,3367
qwen2.5-32b,full,78,2,2570,618,3188
qwen2.5-32b,full,79,2,2455,741,3196
qwen2.5-32b,full,80,2,2467,654,3121
qwen2.5-32b,full,81,2,2504,608,3112
qwen2.5-32b,full,82,2,2516,718,3234
qwen2.5-32b,full,83,2,2662,653,3315
qwen2.5-32b,full,84,2,2796,820,3616
qwen2.5-32b,full,85,2,2753,664,3417
qwen2.5-32b,full,86,2,2654,737,3391
qwen2.5-32b,full,87,2,2427,676,3103
qwen2.5-32b,full,88,2,2785,752,3537
qwen2.5-32b,full,89,2,2403,678,3081
qwen2.5-32b,full,90,2,2473,656,3129
qwen2.5-32b,full,91,2,2648,683,3331
qwen2.5-32b,full,92,2,2488,654,3142
qwen2.5-32b,full,93,2,2613,772,3385
qwen2.5-32b,full,94,2,2368,575,2943
qwen2.5-32b,full,95,2,2709,732,3441
qwen2.5-32b,full,96,2,2500,689,3189
qwen2.5-32b,full,97,2,2816,711,3527
qwen2.5-32b,full,98,2,2515,697,3212
qwen2.5-32b,full,99,2,2347,560,2907
qwen2.5-32b,full,100,2,2547,735,3282
qwen2.5-32b,full,101,2,2799,668,3467
qwen2.5-32b,full,102,2,2339,627,2966
qwen2.5-32b,full,103,2,2468,636,3104
qwen2.5-32b,full,104,2,2684,687,3371
qwen2.5-32b,full,105,2,2725,771,3496
qwen2.5-32b,full,106,2,2446,574,3020
qwen2.5-32b,full,107,2,2769,763,3532
qwen2.5-32b,full,108,2,2514,687,3201
qwen2.5-32b,full,109,2,2949,822,3771
qwen2.5-32b,full,110,2,2880,761,3641
qwen2.5-32b,full,111,2,2533,714,3247
qwen2.5-32b,full,112,2,2469,633,3102
qwen2.5-32b,full,113,2,2779,675,3454
qwen2.5-32b,full,114,2,2294,568,2862
qwen2.5-32b,full,115,2,2462,742,3204
qwen2.5-32b,full,116,2,2720,731,3451
qwen2.5-32b,full,117,2,2647,674,3321
qwen2.5-32b,full,118,2,2653,660,3313
qwen2.5-32b,full,119,2,2459,672,3131
qwen2.5-32b,full,120,2,2389,704,3093
qwen2.5-32b,full,121,2,2633,618,3251
qwen2.5-32b,full,122,2,2709,682,3391
qwen2.5-32b,full,123,2,2293,555,2848
qwen2.5-32b,full,124,2,2580,647,3227
qwen2.5-32b,full,125,2,2668,714,3382
qwen2.5-32b,full,126,2,2797,680,3477
qwen2.5-32b,full,127,2,2480,682,3162
qwen2.5-32b,full,128,2,2645,662,3307
qwen2.5-32b,full,129,2,2724,740,3464
qwen2.5-32b,full,130,2,2408,699,3107
qwen2.5-32b,full,131,2,2506,682,3188
qwen2.5-32b,full,132,2,2511,664,3175
qwen2.5-32b,full,133,2,2507,783,3290
qwen2.5-32b,full,134,2,2379,676,3055
qwen2.5-32b,full,135,2,2682,690,3372
qwen2.5-32b,full,136,2,2733,745,3478
qwen2.5-32b,full,137,2,2581,678,3259
qwen2.5-32b,full,138,2,2343,681,3024
qwen2.5-32b,full,139,2,2398,596,2994
qwen2.5-32b,full,140,2,2563,628,3191
qwen2.5-32b,full,141,2,2486,651,3137
qwen2.5-32b,full,142,2,2373,668,3041
qwen2.5-32b,full,143,2,2544,582,3126
qwen2.5-32b,full,144,2,2737,744,3481
qwen2.5-32b,full,145,2,2449,630,3079
qwen2.5-32b,full,146,2,2801,839,3640
qwen2.5-32b,full,147,2,2877,742,3619
qwen2.5-32b,full,148,2,2866,723,3589
qwen2.5-32b,full,149,2,2615,660,3275
qwen2.5-32b,full,150,2,2806,722,3528
qwen2.5-32b,full,151,2,2353,509,2862
qwen2.5-32b,full,152,2,2669,754,3423
qwen2.5-32b,full,153,2,2889,809,3698
qwen2.5-32b,full,154,2,2898,724,3622
qwen2.5-32b,full,155,2,2832,719,3551
qwen2.5-32b,full,156,2,2584,646,3230
qwen2.5-32b,full,157,2,2504,586,3090
qwen2.5-32b,full,158,2,2512,653,3165
qwen2.5-32b,full,159,2,2555,706,3261
qwen2.5-32b,full,160,2,2540,669,3209
qwen2.5-32b,full,161,2,2550,708,3258
qwen2.5-32b,full,162,2,2507,664,3171
qwen2.5-32b,full,163,2,2693,665,3358
qwen2.5-32b,full,164,2,2606,652,3258
qwen2.5-32b,full,165,2,2846,693,3539
qwen2.5-32b,full,166,2,2519,650,3169
qwen2.5-32b,full,167,2,2763,801,3564
qwen2.5-32b,full,168,2,2640,674,3314
qwen2.5-32b,full,169,2,2639,687,3326
qwen2.5-32b,full,170,2,2537,706,3243
qwen2.5-32b,full,171,2,2968,879,3847
qwen2.5-32b,full,172,2,2580,615,3195
qwen2.5-32b,full,173,2,2453,626,3079
qwen2.5-32b,full,174,2,2653,736,3389
qwen2.5-32b,full,175,2,2532,685,3217
qwen2.5-32b,full,176,2,2455,623,3078
qwen2.5-32b,full,177,2,2974,877,3851
qwen2.5-32b,full,178,2,2649,627,3276
qwen2.5-32b,full,179,2,2631,696,3327
qwen2.5-32b,full,180,2,2400,711,3111
qwen2.5-32b,full,181,2,2931,765,3696
qwen2.5-32b,full,182,2,2630,808,3438
qwen2.5-32b,full,183,2,2639,686,3325
qwen2.5-32b,full,184,2,2539,610,3149
qwen2.5-32b,full,185,2,2568,643,3211
qwen2.5-32b,full,186,2,2836,688,3524
qwen2.5-32b,full,187,2,2517,663,3180
qwen2.5-32b,full,188,2,2610,778,3388
qwen2.5-32b,full,189,2,2458,756,3214
qwen2.5-32b,full,190,2,2595,645,3240
qwen2.5-32b,full,191,2,2482,655,3137
qwen2.5-32b,full,192,2,2478,578,3056
qwen2.5-32b,full,193,2,2485,651,3136
qwen2.5-32b,full,194,2,2639,699,3338
qwen2.5-32b,full,195,2,2426,695,3121
qwen2.5-32b,full,196,2,2812,681,3493
qwen2.5-32b,full,197,2,2504,683,3187
qwen2.5-32b,full,198,2,2904,736,3640
qwen2.5-32b,full,199,2,2817,752,3569
qwen2.5-32b,full,200,2,2613,718,3331
qwen2.5-32b,full,201,2,2652,698,3350
qwen2.5-32b,full,202,2,2288,628,2916
qwen2.5-32b,full,203,2,2369,608,2977
qwen2.5-32b,full,204,2,2371,656,3027
qwen2.5-32b,full,205,2,2598,661,3259
qwen2.5-32b,full,206,2,2754,637,3391
qwen2.5-32b,full,207,2,2302,615,2917
qwen2.5-32b,full,208,2,2884,734,3618
qwen2.5-32b,full,209,2,2772,762,3534
qwen2.5-32b,full,210,2,2472,648,3120
qwen2.5-32b,full,211,2,2517,659,3176
qwen2.5-32b,full,212,2,2585,726,3311
qwen2.5-32b,full,213,2,2845,706,3551
qwen2.5-32b,full,214,2,2552,693,3245
qwen2.5-32b,full,215,2,2918,793,3711
qwen2.5-32b,full,216,2,2900,748,3648
qwen2.5-32b,full,217,2,3023,836,3859
qwen2.5-32b,full,218,2,2606,722,3328
qwen2.5-32b,full,219,2,2442,731,3173
qwen2.5-32b,full,220,2,2748,672,3420
qwen2.5-32b,full,221,2,2665,699,3364
qwen2.5-32b,full,222,2,2685,738,3423
qwen2.5-32b,full,223,2,2535,699,3234
qwen2.5-32b,full,224,2,2428,609,3037
qwen2.5-32b,full,225,2,2664,693,3357
qwen2.5-32b,full,226,2,2244,601,2845
qwen2.5-32b,full,227,2,2526,714,3240
qwen2.5-32b,full,228,2,2481,653,3134
qwen2.5-32b,full,229,2,2564,737,3301
qwen2.5-32b,full,230,2,2629,695,3324
qwen2.5-32b,full,231,2,2477,638,3115
qwen2.5-32b,full,232,2,2540,676,3216
qwen2.5-32b,full,233,2,2283,584,2867
qwen2.5-32b,full,234,2,2514,691,3205
qwen2.5-32b,full,235,2,2553,749,3302
qwen2.5-32b,full,236,2,2287,638,2925
qwen2.5-32b,full,237,2,2727,759,3486
qwen2.5-32b,full,238,2,2640,682,3322
qwen2.5-32b,full,239,2,2690,731,3421
qwen2.5-32b,full,240,2,2727,712,3439
qwen2.5-32b,full,241,2,2358,604,2962
qwen2.5-32b,full,242,2,2637,777,3414
qwen2.5-32b,full,243,2,2610,671,3281
qwen2.5-32b,full,244,2,2319,664,2983
qwen2.5-32b,full,245,2,2508,680,3188
qwen2.5-32b,full,246,2,2722,761,3483
qwen2.5-32b,full,247,2,2609,657,3266
qwen2.5-32b,full,248,2,2564,742,3306
qwen2.5-32b,full,249,2,2484,656,3140
qwen2.5-32b,full,250,2,2521,686,3207
qwen2.5-32b,full,251,2,2524,719,3243
qwen2.5-32b,full,252,2,2670,711,3381
qwen2.5-32b,full,253,2,2581,757,3338
qwen2.5-32b,full,254,2,2436,612,3048
qwen2.5-32b,full,255,2,2899,761,3660
qwen2.5-32b,full,256,2,2482,572,3054
qwen2.5-32b,full,257,2,2741,811,3552
qwen2.5-32b,full,258,2,2298,568,2866
qwen2.5-32b,full,259,2,2426,573,2999
qwen2.5-32b,full,260,2,2469,747,3216
qwen2.5-32b,full,261,2,2661,704,3365
qwen2.5-32b,full,262,2,2677,691,3368
qwen2.5-32b,full,263,2,2761,808,3569
qwen2.5-32b,full,264,2,2503,697,3200
qwen2.5-32b,full,265,2,2602,762,3364
qwen2.5-32b,full,266,2,2721,735,3456
qwen2.5-32b,full,267,2,2492,646,3138
qwen2.5-32b,full,268,2,2446,627,3073
qwen2.5-32b,full,269,2,2727,656,3383
qwen2.5-32b,full,270,2,2618,672,3290
qwen2.5-32b,full,271,2,2713,765,3478
qwen2.5-32b,full,272,2,2437,701,3138
qwen2.5-32b,full,273,2,2624,665,3289
qwen2.5-32b,full,274,2,2642,656,3298
qwen2.5-32b,full,275,2,2673,700,3373
qwen2.5-32b,full,276,2,2578,650,3228
qwen2.5-32b,full,277,2,2722,725,3447
qwen2.5-32b,full,278,2,2816,714,3530
qwen2.5-32b,full,279,2,2385,654,3039
qwen2.5-32b,full,280,2,2639,670,3309
qwen2.5-32b,full,281,2,2709,756,3465
qwen2.5-32b,full,282,2,2535,742,3277
qwen2.5-32b,full,283,2,2582,730,3312
qwen2.5-32b,full,284,2,2839,785,3624
qwen2.5-32b,full,285,2,2626,649,3275
qwen2.5-32b,full,286,2,2724,753,3477
qwen2.5-32b,full,287,2,2800,689,3489
qwen2.5-32b,full,288,2,2497,672,3169
qwen2.5-32b,full,289,2,2728,621,3349
qwen2.5-32b,full,290,2,2495,634,3129
qwen2.5-32b,full,291,2,2693,703,3396
qwen2.5-32b,full,292,2,2839,687,3526
qwen2.5-32b,full,293,2,2501,669,3170
qwen2.5-32b,full,294,2,2412,694,3106
qwen2.5-32b,full,295,2,2872,731,3603
qwen2.5-32b,full,296,2,2684,680,3364
qwen2.5-32b,full,297,2,2822,714,3536
qwen2.5-32b,full,298,2,2558,668,3226
qwen2.5-32b,full,299,2,2876,751,3627
qwen2.5-32b,full,300,2,2822,738,3560
qwen2.5-32b,full,301,2,2547,710,3257
qwen2.5-32b,full,302,2,2709,745,3454
qwen2.5-32b,full,303,2,2352,644,2996
qwen2.5-32b,full,304,2,2494,669,3163
qwen2.5-32b,full,305,2,2931,768,3699
qwen2.5-32b,full,306,2,2412,554,2966
qwen2.5-32b,full,307,2,2723,697,3420
qwen2.5-32b,full,308,2,2384,675,3059
qwen2.5-32b,full,309,2,2932,785,3717
qwen2.5-32b,full,310,2,2634,785,3419
qwen2.5-32b,full,311,2,2861,744,3605
qwen2.5-32b,full,312,2,2417,686,3103
qwen2.5-32b,full,313,2,2736,753,3489
qwen2.5-32b,full,314,2,2509,698,3207
qwen2.5-32b,full,315,2,2450,657,3107
qwen2.5-32b,full,316,2,2613,633,3246
qwen2.5-32b,full,317,2,2683,646,3329
qwen2.5-32b,full,318,2,2354,635,2989
qwen2.5-32b,full,319,2,2362,644,3006
qwen2.5-32b,full,320,2,2562,659,3221
qwen2.5-32b,full,321,2,2468,747,3215
qwen2.5-32b,full,322,2,2383,670,3053
qwen2.5-32b,full,323,2,2222,573,2795
qwen2.5-32b,full,324,2,2600,768,3368
qwen2.5-32b,full,325,2,2378,671,3049
qwen2.5-32b,full,326,2,2854,770,3624
qwen2.5-32b,full,327,2,2654,717,3371
qwen2.5-32b,full,328,2,2382,664,3046
qwen2.5-32b,full,329,2,2623,711,3334
qwen2.5-32b,full,330,2,2627,667,3294
qwen2.5-32b,full,331,2,2680,670,3350
qwen2.5-32b,full,332,2,2464,643,3107
qwen2.5-32b,full,333,2,2589,664,3253
qwen2.5-32b,full,334,2,2487,665,3152
qwen2.5-32b,full,335,2,3015,876,3891
qwen2.5-32b,full,336,2,2685,757,3442
qwen2.5-32b,full,337,2,2321,686,3007
qwen2.5-32b,full,338,2,2431,601,3032
qwen2.5-32b,full,339,2,2675,751,3426
qwen2.5-32b,full,340,2,2546,716,3262
qwen2.5-32b,full,341,2,2679,650,3329
qwen2.5-32b,full,342,2,2652,672,3324
qwen2.5-32b,full,343,2,2709,771,3480
qwen2.5-32b,full,344,2,2594,727,3321
qwen2.5-32b,full,345,2,2851,715,3566
qwen2.5-32b,full,346,2,2699,760,3459
qwen2.5-32b,full,347,2,2457,651,3108
qwen2.5-32b,full,348,2,2559,661,3220
qwen2.5-32b,full,349,2,2594,695,3289
qwen2.5-32b,full,350,2,2633,696,3329
qwen2.5-32b,full,351,2,2460,735,3195
qwen2.5-32b,full,352,2,2859,773,3632
qwen2.5-32b,full,353,2,2533,708,3241
qwen2.5-32b,full,354,2,2697,713,3410
qwen2.5-32b,full,355,2,2448,609,3057
qwen2.5-32b,full,356,2,2697,704,3401
qwen2.5-32b,full,357,2,2960,827,3787
qwen2.5-32b,full,358,2,2932,846,3778
qwen2.5-32b,full,359,2,2595,653,3248
qwen2.5-32b,full,360,2,2402,673,3075
qwen2.5-32b,full,361,2,2668,694,3362
qwen2.5-32b,full,362,2,2493,658,3151
qwen2.5-32b,full,363,2,2871,778,3649
qwen2.5-32b,full,364,2,2706,737,3443
qwen2.5-32b,full,365,2,2659,767,3426
qwen2.5-32b,full,366,2,2719,812,3531
qwen2.5-32b,full,367,2,2787,851,3638
qwen2.5-32b,full,368,2,2521,665,3186
qwen2.5-32b,full,369,2,2546,601,3147
qwen2.5-32b,full,370,2,2755,804,3559
qwen2.5-32b,full,371,2,2747,789,3536
qwen2.5-32b,full,372,2,2459,694,3153
qwen2.5-32b,full,373,2,2709,755,3464
qwen2.5-32b,full,374,2,2952,776,3728
qwen2.5-32b,full,375,2,2866,783,3649
qwen2.5-32b,full,376,2,2576,677,3253
qwen2.5-32b,full,377,2,2348,555,2903
qwen2.5-32b,full,378,2,2634,654,3288
qwen2.5-32b,full,379,2,2644,733,3377
qwen2.5-32b,full,380,2,2602,726,3328
qwen2.5-32b,full,381,2,2564,747,3311
qwen2.5-32b,full,382,2,2562,721,3283
qwen2.5-32b,full,383,2,2353,657,3010
qwen2.5-32b,full,384,2,2778,791,3569
qwen2.5-32b,full,385,2,2629,641,3270
qwen2.5-32b,full,386,2,2549,677,3226
qwen2.5-32b,full,387,2,2467,560,3027
qwen2.5-32b,full,388,2,2474,766,3240
qwen2.5-32b,full,389,2,2627,685,3312
qwen2.5-32b,full,390,2,2189,594,2783
qwen2.5-32b,full,391,2,2371,640,3011
qwen2.5-32b,full,392,2,2710,800,3510
qwen2.5-32b,full,393,2,2583,668,3251
qwen2.5-32b,full,394,2,2400,667,3067
qwen2.5-32b,full,395,2,2368,506,2874
qwen2.5-32b,full,396,2,2539,629,3168
qwen2.5-32b,full,397,2,2285,561,2846
qwen2.5-32b,full,398,2,2882,813,3695
qwen2.5-32b,full,399,2,2426,638,3064
qwen2.5-32b,full,400,2,2680,735,3415
qwen2.5-32b,full,401,2,2570,586,3156
qwen2.5-32b,full,402,2,2647,714,3361
qwen2.5-32b,full,403,2,2866,712,3578
qwen2.5-32b,full,404,2,2679,743,3422
qwen2.5-32b,full,405,2,2586,777,3363
qwen2.5-32b,full,406,2,2556,689,3245
qwen2.5-32b,full,407,2,2649,684,3333
qwen2.5-32b,full,408,2,2525,677,3202
qwen2.5-32b,full,409,2,2372,663,3035
qwen2.5-32b,full,410,2,2367,554,2921
qwen2.5-32b,full,411,2,2628,717,3345
qwen2.5-32b,full,412,2,2453,616,3069
qwen2.5-32b,full,413,2,2697,695,3392
qwen2.5-32b,full,414,2,2526,700,3226
qwen2.5-32b,full,415,2,2327,614,2941
qwen2.5-32b,full,416,2,2681,724,3405
qwen2.5-32b,full,417,2,2243,605,2848
qwen2.5-32b,full,418,2,2513,586,3099
qwen2.5-32b,full,419,2,2666,634,3300
qwen2.5-32b,full,420,2,2812,715,3527
qwen2.5-32b,full,421,2,2384,547,2931
qwen2.5-32b,full,422,2,2702,748,3450
qwen2.5-32b,full,423,2,2658,699,3357
qwen2.5-32b,full,424,2,2437,726,3163
qwen2.5-32b,full,425,2,2564,710,3274
qwen2.5-32b,full,426,2,2682,722,3404
qwen2.5-32b,full,427,2,2804,686,3490
qwen2.5-32b,full,428,2,2814,634,3448
qwen2.5-32b,full,429,2,2544,697,3241
qwen2.5-32b,full,430,2,2348,616,2964
qwen2.5-32b,full,431,2,2587,685,3272
qwen2.5-32b,full,432,2,2516,707,3223
qwen2.5-32b,full,433,2,2619,643,3262
qwen2.5-32b,full,434,2,2576,680,3256
qwen2.5-32b,full,435,2,2473,675,3148
qwen2.5-32b,full,436,2,2528,701,3229
qwen2.5-32b,full,437,2,2348,624,2972
qwen2.5-32b,full,438,2,2764,731,3495
qwen2.5-32b,full,439,2,2679,675,3354
qwen2.5-32b,full,440,2,2743,673,3416
qwen2.5-32b,full,441,2,2644,680,3324
qwen2.5-32b,full,442,2,2667,744,3411
qwen2.5-32b,full,443,2,2533,677,3210
qwen2.5-32b,full,444,2,2457,639,3096
qwen2.5-32b,full,445,2,2853,779,3632
qwen2.5-32b,full,446,2,2498,650,3148
qwen2.5-32b,full,447,2,2579,743,3322
qwen2.5-32b,full,448,2,2909,761,3670
qwen2.5-32b,full,449,2,2637,734,3371
qwen2.5-32b,full,450,2,2428,624,3052
qwen2.5-32b,full,451,2,2488,616,3104
qwen2.5-32b,full,452,2,2362,714,3076
qwen2.5-32b,full,453,2,2450,583,3033
qwen2.5-32b,full,454,2,2549,610,3159
qwen2.5-32b,full,455,2,2594,761,3355
qwen2.5-32b,full,456,2,2544,650,3194
qwen2.5-32b,full,457,2,2604,690,3294
qwen2.5-32b,full,458,2,2500,589,3089
qwen2.5-32b,full,459,2,2633,677,3310
qwen2.5-32b,full,460,2,2473,649,3122
qwen2.5-32b,full,461,2,2775,796,3571
qwen2.5-32b,full,462,2,2413,625,3038
qwen2.5-32b,full,463,2,2319,661,2980
qwen2.5-32b,full,464,2,2807,673,3480
qwen2.5-32b,full,465,2,2600,672,3272
qwen2.5-32b,full,466,2,2558,639,3197
qwen2.5-32b,full,467,2,2433,587,3020
qwen2.5-32b,full,468,2,2549,703,3252
qwen2.5-32b,full,469,2,2650,714,3364
qwen2.5-32b,full,470,2,2482,682,3164
qwen2.5-32b,full,471,2,2704,732,3436
qwen2.5-32b,full,472,2,2487,653,3140
qwen2.5-32b,full,473,2,2457,640,3097
qwen2.5-32b,full,474,2,2594,756,3350
qwen2.5-32b,full,475,2,2538,695,3233
qwen2.5-32b,full,476,2,2951,835,3786
qwen2.5-32b,full,477,2,2448,633,3081
qwen2.5-32b,full,478,2,2515,721,3236
qwen2.5-32b,full,479,2,2486,741,3227
qwen2.5-32b,full,480,2,2236,578,2814
qwen2.5-32b,full,481,2,2412,612,3024
qwen2.5-32b,full,482,2,2640,674,3314
qwen2.5-32b,full,483,2,2262,610,2872
qwen2.5-32b,full,484,2,2653,674,3327
qwen2.5-32b,full,485,2,2577,649,3226
qwen2.5-32b,full,486,2,2307,712,3019
qwen2.5-32b,full,487,2,2519,706,3225
qwen2.5-32b,full,488,2,2435,654,3089
qwen2.5-32b,full,489,2,2690,742,3432
qwen2.5-32b,full,490,2,2822,720,3542
qwen2.5-32b,full,491,2,2458,730,3188
qwen2.5-32b,full,492,2,2639,694,3333
qwen2.5-32b,full,493,2,2547,728,3275
qwen2.5-32b,full,494,2,2493,647,3140
qwen2.5-32b,full,495,2,2424,600,3024
qwen2.5-32b,full,496,2,2516,690,3206
qwen2.5-32b,full,497,2,2339,624,2963
qwen2.5-32b,full,498,2,3024,822,3846
qwen2.5-32b,full,499,2,2796,685,3481
qwen2.5-32b,full,500,2,2431,627,3058
qwen2.5-32b,no_formulation,1,2,2153,720,2873
qwen2.5-32b,no_formulation,2,2,2051,656,2707
qwen2.5-32b,no_formulation,3,2,2214,835,3049
qwen2.5-32b,no_formulation,4,2,1915,640,2555
qwen2.5-32b,no_formulation,5,2,1957,686,2643
qwen2.5-32b,no_formulation,6,2,2171,664,2835
qwen2.5-32b,no_formulation,7,2,1966,615,2581
qwen2.5-32b,no_formulation,8,2,1926,629,2555
qwen2.5-32b,no_formulation,9,2,2010,707,2717
qwen2.5-32b,no_formulation,10,2,2162,773,2935
qwen2.5-32b,no_formulation,11,2,2077,634,2711
qwen2.5-32b,no_formulation,12,2,2043,634,2677
qwen2.5-32b,no_formulation,13,2,2250,887,3137
qwen2.5-32b,no_formulation,14,2,2133,664,2797
qwen2.5-32b,no_formulation,15,2,1874,671,2545
qwen2.5-32b,no_formulation,16,2,2296,783,3079
qwen2.5-32b,no_formulation,17,2,2323,760,3083
qwen2.5-32b,no_formulation,18,2,1929,732,2661
qwen2.5-32b,no_formulation,19,2,1935,630,2565
qwen2.5-32b,no_formulation,20,2,2014,637,2651
qwen2.5-32b,no_formulation,21,2,2106,721,2827
qwen2.5-32b,no_formulation,22,2,1869,652,2521
qwen2.5-32b,no_formulation,23,2,2212,753,2965
qwen2.5-32b,no_formulation,24,2,1996,723,2719
qwen2.5-32b,no_formulation,25,2,2088,881,2969
qwen2.5-32b,no_formulation,26,2,2226,769,2995
qwen2.5-32b,no_formulation,27,2,1823,628,2451
qwen2.5-32b,no_formulation,28,2,1980,777,2757
qwen2.5-32b,no_formulation,29,2,1914,585,2499
qwen2.5-32b,no_formulation,30,2,2126,737,2863
qwen2.5-32b,no_formulation,31,2,2344,837,3181
qwen2.5-32b,no_formulation,32,2,2079,656,2735
qwen2.5-32b,no_formulation,33,2,1980,689,2669
qwen2.5-32b,no_formulation,34,2,1995,696,2691
qwen2.5-32b,no_formulation,35,2,2177,704,2881
qwen2.5-32b,no_formulation,36,2,2167,796,2963
qwen2.5-32b,no_formulation,37,2,1919,612,2531
qwen2.5-32b,no_formulation,38,2,2164,757,2921
qwen2.5-32b,no_formulation,39,2,2057,694,2751
qwen2.5-32b,no_formulation,40,2,1927,658,2585
qwen2.5-32b,no_formulation,41,2,2048,753,2801
qwen2.5-32b,no_formulation,42,2,2187,692,2879
qwen2.5-32b,no_formulation,43,2,2069,672,2741
qwen2.5-32b,no_formulation,44,2,2135,702,2837
qwen2.5-32b,no_formulation,45,2,2091,674,2765
qwen2.5-32b,no_formulation,46,2,2131,680,2811
qwen2.5-32b,no_formulation,47,2,1836,721,2557
qwen2.5-32b,no_formulation,48,2,1855,636,2491
qwen2.5-32b,no_formulation,49,2,2003,634,2637
qwen2.5-32b,no_formulation,50,2,2051,728,2779
qwen2.5-32b,no_formulation,51,2,2140,699,2839
qwen2.5-32b,no_formulation,52,2,2067,764,2831
qwen2.5-32b,no_formulation,53,2,2075,748,2823
qwen2.5-32b,no_formulation,54,2,1909,632,2541
qwen2.5-32b,no_formulation,55,2,1954,671,2625
qwen2.5-32b,no_formulation,56,2,1923,666,2589
qwen2.5-32b,no_formulation,57,2,2228,703,2931
qwen2.5-32b,no_formulation,58,2,2067,674,2741
qwen2.5-32b,no_formulation,59,2,2193,808,3001
qwen2.5-32b,no_formulation,60,2,2078,725,2803
qwen2.5-32b,no_formulation,61,2,1868,663,2531
qwen2.5-32b,no_formulation,62,2,2033,682,2715
qwen2.5-32b,no_formulation,63,2,2012,705,2717
qwen2.5-32b,no_formulation,64,2,2081,796,2877
qwen2.5-32b,no_formulation,65,2,1989,786,2775
qwen2.5-32b,no_formulation,66,2,2048,671,2719
qwen2.5-32b,no_formulation,67,2,2121,706,2827
qwen2.5-32b,no_formulation,68,2,1921,748,2669
qwen2.5-32b,no_formulation,69,2,2011,744,2755
qwen2.5-32b,no_formulation,70,2,1975,686,2661
qwen2.5-32b,no_formulation,71,2,2098,733,2831
qwen2.5-32b,no_formulation,72,2,1971,644,2615
qwen2.5-32b,no_formulation,73,2,1943,682,2625
qwen2.5-32b,no_formulation,74,2,2066,749,2815
qwen2.5-32b,no_formulation,75,2,2251,746,2997
qwen2.5-32b,no_formulation,76,2,1881,660,2541
qwen2.5-32b,no_formulation,77,2,2190,739,2929
qwen2.5-32b,no_formulation,78,2,2134,753,2887
qwen2.5-32b,no_formulation,79,2,1834,629,2463
qwen2.5-32b,no_formulation,80,2,2143,820,2963
qwen2.5-32b,no_formulation,81,2,2064,663,2727
qwen2.5-32b,no_formulation,82,2,1936,639,2575
qwen2.5-32b,no_formulation,83,2,2123,704,2827
qwen2.5-32b,no_formulation,84,2,2231,778,3009
qwen2.5-32b,no_formulation,85,2,2201,690,2891
qwen2.5-32b,no_formulation,86,2,2086,699,2785
qwen2.5-32b,no_formulation,87,2,2043,800,2843
qwen2.5-32b,no_formulation,88,2,2182,751,2933
qwen2.5-32b,no_formulation,89,2,2000,757,2757
qwen2.5-32b,no_formulation,90,2,1976,737,2713
qwen2.5-32b,no_formulation,91,2,2039,672,2711
qwen2.5-32b,no_formulation,92,2,1920,671,2591
qwen2.5-32b,no_formulation,93,2,2067,752,2819
qwen2.5-32b,no_formulation,94,2,2041,726,2767
qwen2.5-32b,no_formulation,95,2,2032,625,2657
qwen2.5-32b,no_formulation,96,2,2106,763,2869
qwen2.5-32b,no_formulation,97,2,2227,728,2955
qwen2.5-32b,no_formulation,98,2,2006,733,2739
qwen2.5-32b,no_formulation,99,2,2082,783,2865
qwen2.5-32b,no_formulation,100,2,2077,756,2833
qwen2.5-32b,no_formulation,101,2,2219,716,2935
qwen2.5-32b,no_formulation,102,2,1726,561,2287
qwen2.5-32b,no_formulation,103,2,2092,759,2851
qwen2.5-32b,no_formulation,104,2,2045,610,2655
qwen2.5-32b,no_formulation,105,2,2038,617,2655
qwen2.5-32b,no_formulation,106,2,1929,640,2569
qwen2.5-32b,no_formulation,107,2,2156,703,2859
qwen2.5-32b,no_formulation,108,2,2091,712,2803
qwen2.5-32b,no_formulation,109,2,2226,739,2965
qwen2.5-32b,no_formulation,110,2,2258,735,2993
qwen2.5-32b,no_formulation,111,2,1924,625,2549
qwen2.5-32b,no_formulation,112,2,2034,741,2775
qwen2.5-32b,no_formulation,113,2,2241,756,2997
qwen2.5-32b,no_formulation,114,2,1943,706,2649
qwen2.5-32b,no_formulation,115,2,1878,661,2539
qwen2.5-32b,no_formulation,116,2,2082,679,2761
qwen2.5-32b,no_formulation,117,2,2199,804,3003
qwen2.5-32b,no_formulation,118,2,2188,733,2921
qwen2.5-32b,no_formulation,119,2,1993,730,2723
qwen2.5-32b,no_formulation,120,2,1875,712,2587
qwen2.5-32b,no_formulation,121,2,2121,754,2875
qwen2.5-32b,no_formulation,122,2,2239,784,3023
qwen2.5-32b,no_formulation,123,2,1906,689,2595
qwen2.5-32b,no_formulation,124,2,2162,723,2885
qwen2.5-32b,no_formulation,125,2,2210,793,3003
qwen2.5-32b,no_formulation,126,2,2244,741,2985
qwen2.5-32b,no_formulation,127,2,2015,730,2745
qwen2.5-32b,no_formulation,128,2,1992,585,2577
qwen2.5-32b,no_formulation,129,2,2163,702,2865
qwen2.5-32b,no_formulation,130,2,1920,717,2637
qwen2.5-32b,no_formulation,131,2,2077,788,2865
qwen2.5-32b,no_formulation,132,2,1942,619,2561
qwen2.5-32b,no_formulation,133,2,1979,766,2745
qwen2.5-32b,no_formulation,134,2,1894,719,2613
qwen2.5-32b,no_formulation,135,2,2157,744,2901
qwen2.5-32b,no_formulation,136,2,2159,770,2929
qwen2.5-32b,no_formulation,137,2,2100,701,2801
qwen2.5-32b,no_formulation,138,2,1937,788,2725
qwen2.5-32b,no_formulation,139,2,2053,712,2765
qwen2.5-32b,no_formulation,140,2,2127,680,2807
qwen2.5-32b,no_formulation,141,2,2007,680,2687
qwen2.5-32b,no_formulation,142,2,1901,706,2607
qwen2.5-32b,no_formulation,143,2,2173,784,2957
qwen2.5-32b,no_formulation,144,2,2150,711,2861
qwen2.5-32b,no_formulation,145,2,1928,649,2577
qwen2.5-32b,no_formulation,146,2,2034,629,2663
qwen2.5-32b,no_formulation,147,2,2136,625,2761
qwen2.5-32b,no_formulation,148,2,2339,820,3159
qwen2.5-32b,no_formulation,149,2,2046,651,2697
qwen2.5-32b,no_formulation,150,2,2269,744,3013
qwen2.5-32b,no_formulation,151,2,2041,756,2797
qwen2.5-32b,no_formulation,152,2,2052,709,2761
qwen2.5-32b,no_formulation,153,2,2230,717,2947
qwen2.5-32b,no_formulation,154,2,2316,819,3135
qwen2.5-32b,no_formulation,155,2,2275,752,3027
qwen2.5-32b,no_formulation,156,2,2182,737,2919
qwen2.5-32b,no_formulation,157,2,2075,686,2761
qwen2.5-32b,no_formulation,158,2,1871,568,2439
qwen2.5-32b,no_formulation,159,2,2098,743,2841
qwen2.5-32b,no_formulation,160,2,2084,737,2821
qwen2.5-32b,no_formulation,161,2,2024,703,2727
qwen2.5-32b,no_formulation,162,2,1995,652,2647
qwen2.5-32b,no_formulation,163,2,2169,712,2881
qwen2.5-32b,no_formulation,164,2,2239,854,3093
qwen2.5-32b,no_formulation,165,2,2265,758,3023
qwen2.5-32b,no_formulation,166,2,2086,743,2829
qwen2.5-32b,no_formulation,167,2,2043,638,2681
qwen2.5-32b,no_formulation,168,2,2110,705,2815
qwen2.5-32b,no_formulation,169,2,2100,675,2775
qwen2.5-32b,no_formulation,170,2,1969,650,2619
qwen2.5-32b,no_formulation,171,2,2171,688,2859
qwen2.5-32b,no_formulation,172,2,2154,783,2937
qwen2.5-32b,no_formulation,173,2,2042,731,2773
qwen2.5-32b,no_formulation,174,2,2011,640,2651
qwen2.5-32b,no_formulation,175,2,2051,752,2803
qwen2.5-32b,no_formulation,176,2,2055,734,2789
qwen2.5-32b,no_formulation,177,2,2358,843,3201
qwen2.5-32b,no_formulation,178,2,2255,742,2997
qwen2.5-32b,no_formulation,179,2,1983,588,2571
qwen2.5-32b,no_formulation,180,2,1901,746,2647
qwen2.5-32b,no_formulation,181,2,2089,600,2689
qwen2.5-32b,no_formulation,182,2,1919,638,2557
qwen2.5-32b,no_formulation,183,2,2172,781,2953
qwen2.5-32b,no_formulation,184,2,2175,784,2959
qwen2.5-32b,no_formulation,185,2,2028,613,2641
qwen2.5-32b,no_formulation,186,2,2228,715,2943
qwen2.5-32b,no_formulation,187,2,2021,700,2721
qwen2.5-32b,no_formulation,188,2,1948,699,2647
qwen2.5-32b,no_formulation,189,2,1849,668,2517
qwen2.5-32b,no_formulation,190,2,2078,681,2759
qwen2.5-32b,no_formulation,191,2,1930,655,2585
qwen2.5-32b,no_formulation,192,2,2077,680,2757
qwen2.5-32b,no_formulation,193,2,2065,756,2821
qwen2.5-32b,no_formulation,194,2,2157,752,2909
qwen2.5-32b,no_formulation,195,2,1951,748,2699
qwen2.5-32b,no_formulation,196,2,2218,723,2941
qwen2.5-32b,no_formulation,197,2,2093,810,2903
qwen2.5-32b,no_formulation,198,2,2291,770,3061
qwen2.5-32b,no_formulation,199,2,2185,730,2915
qwen2.5-32b,no_formulation,200,2,2152,757,2909
qwen2.5-32b,no_formulation,201,2,2057,660,2717
qwen2.5-32b,no_formulation,202,2,1838,693,2531
qwen2.5-32b,no_formulation,203,2,1996,721,2717
qwen2.5-32b,no_formulation,204,2,1966,735,2701
qwen2.5-32b,no_formulation,205,2,2092,673,2765
qwen2.5-32b,no_formulation,206,2,2217,698,2915
qwen2.5-32b,no_formulation,207,2,1755,604,2359
qwen2.5-32b,no_formulation,208,2,2283,758,3041
qwen2.5-32b,no_formulation,209,2,2095,654,2749
qwen2.5-32b,no_formulation,210,2,2061,792,2853
qwen2.5-32b,no_formulation,211,2,2016,699,2715
qwen2.5-32b,no_formulation,212,2,2001,630,2631
qwen2.5-32b,no_formulation,213,2,2215,700,2915
qwen2.5-32b,no_formulation,214,2,2136,761,2897
qwen2.5-32b,no_formulation,215,2,2273,782,3055
qwen2.5-32b,no_formulation,216,2,2245,708,2953
qwen2.5-32b,no_formulation,217,2,2298,775,3073
qwen2.5-32b,no_formulation,218,2,2058,665,2723
qwen2.5-32b,no_formulation,219,2,1934,719,2653
qwen2.5-32b,no_formulation,220,2,2220,711,2931
qwen2.5-32b,no_formulation,221,2,2119,714,2833
qwen2.5-32b,no_formulation,222,2,2111,692,2803
qwen2.5-32b,no_formulation,223,2,2134,785,2919
qwen2.5-32b,no_formulation,224,2,1949,610,2559
qwen2.5-32b,no_formulation,225,2,2073,654,2727
qwen2.5-32b,no_formulation,226,2,1763,660,2423
qwen2.5-32b,no_formulation,227,2,1890,613,2503
qwen2.5-32b,no_formulation,228,2,2132,779,2911
qwen2.5-32b,no_formulation,229,2,1992,681,2673
qwen2.5-32b,no_formulation,230,2,2143,766,2909
qwen2.5-32b,no_formulation,231,2,2003,740,2743
qwen2.5-32b,no_formulation,232,2,2049,776,2825
qwen2.5-32b,no_formulation,233,2,1903,712,2615
qwen2.5-32b,no_formulation,234,2,1968,669,2637
qwen2.5-32b,no_formulation,235,2,2127,806,2933
qwen2.5-32b,no_formulation,236,2,1777,662,2439
qwen2.5-32b,no_formulation,237,2,2232,823,3055
qwen2.5-32b,no_formulation,238,2,2304,879,3183
qwen2.5-32b,no_formulation,239,2,2162,775,2937
qwen2.5-32b,no_formulation,240,2,2242,779,3021
qwen2.5-32b,no_formulation,241,2,1901,652,2553
qwen2.5-32b,no_formulation,242,2,2012,679,2691
qwen2.5-32b,no_formulation,243,2,2006,615,2621
qwen2.5-32b,no_formulation,244,2,1729,594,2323
qwen2.5-32b,no_formulation,245,2,2075,750,2825
qwen2.5-32b,no_formulation,246,2,2188,733,2921
qwen2.5-32b,no_formulation,247,2,2037,628,2665
qwen2.5-32b,no_formulation,248,2,1960,643,2603
qwen2.5-32b,no_formulation,249,2,2036,703,2739
qwen2.5-32b,no_formulation,250,2,2010,715,2725
qwen2.5-32b,no_formulation,251,2,1981,706,2687
qwen2.5-32b,no_formulation,252,2,2139,748,2887
qwen2.5-32b,no_formulation,253,2,2033,744,2777
qwen2.5-32b,no_formulation,254,2,1844,563,2407
qwen2.5-32b,no_formulation,255,2,2234,781,3015
qwen2.5-32b,no_formulation,256,2,2048,663,2711
qwen2.5-32b,no_formulation,257,2,2145,748,2893
qwen2.5-32b,no_formulation,258,2,1969,732,2701
qwen2.5-32b,no_formulation,259,2,2084,733,2817
qwen2.5-32b,no_formulation,260,2,2215,1006,3221
qwen2.5-32b,no_formulation,261,2,2197,774,2971
qwen2.5-32b,no_formulation,262,2,2208,739,2947
qwen2.5-32b,no_formulation,263,2,2219,800,3019
qwen2.5-32b,no_formulation,264,2,1989,704,2693
qwen2.5-32b,no_formulation,265,2,2004,719,2723
qwen2.5-32b,no_formulation,266,2,2153,712,2865
qwen2.5-32b,no_formulation,267,2,1999,674,2673
qwen2.5-32b,no_formulation,268,2,1930,659,2589
qwen2.5-32b,no_formulation,269,2,2257,734,2991
qwen2.5-32b,no_formulation,270,2,2163,758,2921
qwen2.5-32b,no_formulation,271,2,2024,627,2651
qwen2.5-32b,no_formulation,272,2,1974,737,2711
qwen2.5-32b,no_formulation,273,2,2110,719,2829
qwen2.5-32b,no_formulation,274,2,2189,752,2941
qwen2.5-32b,no_formulation,275,2,2082,731,2813
qwen2.5-32b,no_formulation,276,2,2099,722,2821
qwen2.5-32b,no_formulation,277,2,2158,783,2941
qwen2.5-32b,no_formulation,278,2,2095,570,2665
qwen2.5-32b,no_formulation,279,2,1909,718,2627
qwen2.5-32b,no_formulation,280,2,2007,620,2627
qwen2.5-32b,no_formulation,281,2,2062,663,2725
qwen2.5-32b,no_formulation,282,2,2044,789,2833
qwen2.5-32b,no_formulation,283,2,2026,697,2723
qwen2.5-32b,no_formulation,284,2,2201,728,2929
qwen2.5-32b,no_formulation,285,2,2170,755,2925
qwen2.5-32b,no_formulation,286,2,2207,788,2995
qwen2.5-32b,no_formulation,287,2,2186,719,2905
qwen2.5-32b,no_formulation,288,2,1966,627,2593
qwen2.5-32b,no_formulation,289,2,2243,740,2983
qwen2.5-32b,no_formulation,290,2,2174,819,2993
qwen2.5-32b,no_formulation,291,2,2217,776,2993
qwen2.5-32b,no_formulation,292,2,2178,665,2843
qwen2.5-32b,no_formulation,293,2,1976,663,2639
qwen2.5-32b,no_formulation,294,2,1818,641,2459
qwen2.5-32b,no_formulation,295,2,2205,678,2883
qwen2.5-32b,no_formulation,296,2,2224,795,3019
qwen2.5-32b,no_formulation,297,2,2332,867,3199
qwen2.5-32b,no_formulation,298,2,2134,789,2923
qwen2.5-32b,no_formulation,299,2,2195,640,2835
qwen2.5-32b,no_formulation,300,2,2263,758,3021
qwen2.5-32b,no_formulation,301,2,1932,613,2545
qwen2.5-32b,no_formulation,302,2,2133,720,2853
qwen2.5-32b,no_formulation,303,2,1904,703,2607
qwen2.5-32b,no_formulation,304,2,2034,711,2745
qwen2.5-32b,no_formulation,305,2,2198,699,2897
qwen2.5-32b,no_formulation,306,2,2114,769,2883
qwen2.5-32b,no_formulation,307,2,2219,674,2893
qwen2.5-32b,no_formulation,308,2,1866,683,2549
qwen2.5-32b,no_formulation,309,2,2137,626,2763
qwen2.5-32b,no_formulation,310,2,2027,724,2751
qwen2.5-32b,no_formulation,311,2,2231,732,2963
qwen2.5-32b,no_formulation,312,2,1983,720,2703
qwen2.5-32b,no_formulation,313,2,2203,788,2991
qwen2.5-32b,no_formulation,314,2,2011,720,2731
qwen2.5-32b,no_formulation,315,2,2075,820,2895
qwen2.5-32b,no_formulation,316,2,2130,717,2847
qwen2.5-32b,no_formulation,317,2,2169,690,2859
qwen2.5-32b,no_formulation,318,2,1852,637,2489
qwen2.5-32b,no_formulation,319,2,2073,832,2905
qwen2.5-32b,no_formulation,320,2,2092,705,2797
qwen2.5-32b,no_formulation,321,2,2021,838,2859
qwen2.5-32b,no_formulation,322,2,2095,872,2967
qwen2.5-32b,no_formulation,323,2,1850,739,2589
qwen2.5-32b,no_formulation,324,2,2056,723,2779
qwen2.5-32b,no_formulation,325,2,2025,818,2843
qwen2.5-32b,no_formulation,326,2,2209,700,2909
qwen2.5-32b,no_formulation,327,2,2140,749,2889
qwen2.5-32b,no_formulation,328,2,1917,720,2637
qwen2.5-32b,no_formulation,329,2,2127,718,2845
qwen2.5-32b,no_formulation,330,2,2134,725,2859
qwen2.5-32b,no_formulation,331,2,2201,696,2897
qwen2.5-32b,no_formulation,332,2,2003,708,2711
qwen2.5-32b,no_formulation,333,2,2062,687,2749
qwen2.5-32b,no_formulation,334,2,1916,595,2511
qwen2.5-32b,no_formulation,335,2,2356,801,3157
qwen2.5-32b,no_formulation,336,2,2129,732,2861
qwen2.5-32b,no_formulation,337,2,1692,601,2293
qwen2.5-32b,no_formulation,338,2,2043,730,2773
qwen2.5-32b,no_formulation,339,2,2283,862,3145
qwen2.5-32b,no_formulation,340,2,1980,663,2643
qwen2.5-32b,no_formulation,341,2,2136,681,2817
qwen2.5-32b,no_formulation,342,2,2195,758,2953
qwen2.5-32b,no_formulation,343,2,2047,658,2705
qwen2.5-32b,no_formulation,344,2,2056,721,2777
qwen2.5-32b,no_formulation,345,2,2160,639,2799
qwen2.5-32b,no_formulation,346,2,2110,711,2821
qwen2.5-32b,no_formulation,347,2,2115,802,2917
qwen2.5-32b,no_formulation,348,2,2043,618,2661
qwen2.5-32b,no_formulation,349,2,2161,778,2939
qwen2.5-32b,no_formulation,350,2,2123,704,2827
qwen2.5-32b,no_formulation,351,2,1909,694,2603
qwen2.5-32b,no_formulation,352,2,2332,771,3103
qwen2.5-32b,no_formulation,353,2,2004,681,2685
qwen2.5-32b,no_formulation,354,2,2028,647,2675
qwen2.5-32b,no_formulation,355,2,2023,760,2783
qwen2.5-32b,no_formulation,356,2,2085,706,2791
qwen2.5-32b,no_formulation,357,2,2320,781,3101
qwen2.5-32b,no_formulation,358,2,2165,712,2877
qwen2.5-32b,no_formulation,359,2,2111,714,2825
qwen2.5-32b,no_formulation,360,2,1946,759,2705
qwen2.5-32b,no_formulation,361,2,2041,676,2717
qwen2.5-32b,no_formulation,362,2,1971,640,2611
qwen2.5-32b,no_formulation,363,2,2259,716,2975
qwen2.5-32b,no_formulation,364,2,2178,747,2925
qwen2.5-32b,no_formulation,365,2,2092,723,2815
qwen2.5-32b,no_formulation,366,2,2154,731,2885
qwen2.5-32b,no_formulation,367,2,2222,797,3019
qwen2.5-32b,no_formulation,368,2,2126,773,2899
qwen2.5-32b,no_formulation,369,2,2328,909,3237
qwen2.5-32b,no_formulation,370,2,2104,713,2817
qwen2.5-32b,no_formulation,371,2,2214,729,2943
qwen2.5-32b,no_formulation,372,2,1941,682,2623
qwen2.5-32b,no_formulation,373,2,2120,727,2847
qwen2.5-32b,no_formulation,374,4,5274,1615,6889
qwen2.5-32b,no_formulation,375,2,2244,717,2961
qwen2.5-32b,no_formulation,376,2,2076,665,2741
qwen2.5-32b,no_formulation,377,2,2126,815,2941
qwen2.5-32b,no_formulation,378,2,1957,556,2513
qwen2.5-32b,no_formulation,379,2,2006,615,2621
qwen2.5-32b,no_formulation,380,2,1996,699,2695
qwen2.5-32b,no_formulation,381,2,1993,678,2671
qwen2.5-32b,no_formulation,382,2,2061,714,2775
qwen2.5-32b,no_formulation,383,2,1957,772,2729
qwen2.5-32b,no_formulation,384,2,2168,725,2893
qwen2.5-32b,no_formulation,385,2,2123,686,2809
qwen2.5-32b,no_formulation,386,2,2104,735,2839
qwen2.5-32b,no_formulation,387,2,2173,762,2935
qwen2.5-32b,no_formulation,388,2,1873,692,2565
qwen2.5-32b,no_formulation,389,2,2205,784,2989
qwen2.5-32b,no_formulation,390,2,1790,775,2565
qwen2.5-32b,no_formulation,391,2,1929,726,2655
qwen2.5-32b,no_formulation,392,2,2129,720,2849
qwen2.5-32b,no_formulation,393,2,2175,736,2911
qwen2.5-32b,no_formulation,394,2,1872,665,2537
qwen2.5-32b,no_formulation,395,2,1950,661,2611
qwen2.5-32b,no_formulation,396,2,1980,639,2619
qwen2.5-32b,no_formulation,397,2,1982,757,2739
qwen2.5-32b,no_formulation,398,2,2214,731,2945
qwen2.5-32b,no_formulation,399,2,2010,717,2727
qwen2.5-32b,no_formulation,400,2,2104,673,2777
qwen2.5-32b,no_formulation,401,2,2125,680,2805
qwen2.5-32b,no_formulation,402,2,2127,712,2839
qwen2.5-32b,no_formulation,403,2,2340,791,3131
qwen2.5-32b,no_formulation,404,2,2164,807,2971
qwen2.5-32b,no_formulation,405,2,2049,766,2815
qwen2.5-32b,no_formulation,406,2,2095,796,2891
qwen2.5-32b,no_formulation,407,2,2116,809,2925
qwen2.5-32b,no_formulation,408,2,1917,636,2553
qwen2.5-32b,no_formulation,409,2,1945,734,2679
qwen2.5-32b,no_formulation,410,2,1818,575,2393
qwen2.5-32b,no_formulation,411,2,2110,739,2849
qwen2.5-32b,no_formulation,412,2,2008,701,2709
qwen2.5-32b,no_formulation,413,2,2304,859,3163
qwen2.5-32b,no_formulation,414,2,1988,691,2679
qwen2.5-32b,no_formulation,415,2,1851,648,2499
qwen2.5-32b,no_formulation,416,2,2194,747,2941
qwen2.5-32b,no_formulation,417,2,1765,664,2429
qwen2.5-32b,no_formulation,418,2,2103,720,2823
qwen2.5-32b,no_formulation,419,2,2129,640,2769
qwen2.5-32b,no_formulation,420,2,2186,703,2889
qwen2.5-32b,no_formulation,421,2,2078,743,2821
qwen2.5-32b,no_formulation,422,2,2133,744,2877
qwen2.5-32b,no_formulation,423,2,1947,620,2567
qwen2.5-32b,no_formulation,424,2,1864,701,2565
qwen2.5-32b,no_formulation,425,2,2016,699,2715
qwen2.5-32b,no_formulation,426,2,2064,695,2759
qwen2.5-32b,no_formulation,427,2,2252,759,3011
qwen2.5-32b,no_formulation,428,2,2277,776,3053
qwen2.5-32b,no_formulation,429,2,1982,655,2637
qwen2.5-32b,no_formulation,430,2,1806,601,2407
qwen2.5-32b,no_formulation,431,2,2049,688,2737
qwen2.5-32b,no_formulation,432,2,1986,667,2653
qwen2.5-32b,no_formulation,433,2,2127,694,2821
qwen2.5-32b,no_formulation,434,2,2052,651,2703
qwen2.5-32b,no_formulation,435,2,2066,773,2839
qwen2.5-32b,no_formulation,436,2,2082,775,2857
qwen2.5-32b,no_formulation,437,2,1900,691,2591
qwen2.5-32b,no_formulation,438,2,2068,665,2733
qwen2.5-32b,no_formulation,439,2,2208,723,2931
qwen2.5-32b,no_formulation,440,2,2222,725,2947
qwen2.5-32b,no_formulation,441,2,2204,779,2983
qwen2.5-32b,no_formulation,442,2,2156,765,2921
qwen2.5-32b,no_formulation,443,2,2034,673,2707
qwen2.5-32b,no_formulation,444,2,1972,659,2631
qwen2.5-32b,no_formulation,445,2,2097,644,2741
qwen2.5-32b,no_formulation,446,2,2071,734,2805
qwen2.5-32b,no_formulation,447,2,1969,676,2645
qwen2.5-32b,no_formulation,448,2,2267,766,3033
qwen2.5-32b,no_formulation,449,2,2046,647,2693
qwen2.5-32b,no_formulation,450,2,2085,780,2865
qwen2.5-32b,no_formulation,451,2,2057,704,2761
qwen2.5-32b,no_formulation,452,2,1805,684,2489
qwen2.5-32b,no_formulation,453,2,2073,754,2827
qwen2.5-32b,no_formulation,454,2,1980,585,2565
qwen2.5-32b,no_formulation,455,2,1994,723,2717
qwen2.5-32b,no_formulation,456,2,2096,727,2823
qwen2.5-32b,no_formulation,457,2,2069,636,2705
qwen2.5-32b,no_formulation,458,2,2007,644,2651
qwen2.5-32b,no_formulation,459,2,2046,645,2691
qwen2.5-32b,no_formulation,460,2,1941,656,2597
qwen2.5-32b,no_formulation,461,2,2138,743,2881
qwen2.5-32b,no_formulation,462,2,1998,721,2719
qwen2.5-32b,no_formulation,463,2,1802,673,2475
qwen2.5-32b,no_formulation,464,2,2120,623,2743
qwen2.5-32b,no_formulation,465,2,2162,797,2959
qwen2.5-32b,no_formulation,466,2,1980,665,2645
qwen2.5-32b,no_formulation,467,2,2098,773,2871
qwen2.5-32b,no_formulation,468,2,2057,752,2809
qwen2.5-32b,no_formulation,469,2,2356,907,3263
qwen2.5-32b,no_formulation,470,2,1934,629,2563
qwen2.5-32b,no_formulation,471,2,2141,704,2845
qwen2.5-32b,no_formulation,472,2,2167,834,3001
qwen2.5-32b,no_formulation,473,2,1922,635,2557
qwen2.5-32b,no_formulation,474,2,1901,644,2545
qwen2.5-32b,no_formulation,475,2,1981,670,2651
qwen2.5-32b,no_formulation,476,2,2227,706,2933
qwen2.5-32b,no_formulation,477,2,1944,653,2597
qwen2.5-32b,no_formulation,478,2,1881,628,2509
qwen2.5-32b,no_formulation,479,2,1916,673,2589
qwen2.5-32b,no_formulation,480,2,1847,718,2565
qwen2.5-32b,no_formulation,481,2,1873,632,2505
qwen2.5-32b,no_formulation,482,2,2112,731,2843
qwen2.5-32b,no_formulation,483,2,1845,716,2561
qwen2.5-32b,no_formulation,484,2,2066,651,2717
qwen2.5-32b,no_formulation,485,2,2172,791,2963
qwen2.5-32b,no_formulation,486,2,1795,780,2575
qwen2.5-32b,no_formulation,487,2,1968,669,2637
qwen2.5-32b,no_formulation,488,2,2001,718,2719
qwen2.5-32b,no_formulation,489,2,2156,735,2891
qwen2.5-32b,no_formulation,490,2,2160,675,2835
qwen2.5-32b,no_formulation,491,2,1862,641,2503
qwen2.5-32b,no_formulation,492,2,2096,717,2813
qwen2.5-32b,no_formulation,493,2,2127,816,2943
qwen2.5-32b,no_formulation,494,2,2073,740,2813
qwen2.5-32b,no_formulation,495,2,1970,685,2655
qwen2.5-32b,no_formulation,496,2,1998,697,2695
qwen2.5-32b,no_formulation,497,2,1888,697,2585
qwen2.5-32b,no_formulation,498,2,2426,861,3287
qwen2.5-32b,no_formulation,499,2,2147,676,2823
qwen2.5-32b,no_formulation,500,2,1872,639,2511
qwen2.5-32b,zero_shot,1,1,200,788,988
qwen2.5-32b,zero_shot,2,1,195,818,1013
qwen2.5-32b,zero_shot,3,1,196,767,963
qwen2.5-32b,zero_shot,4,1,200,698,898
qwen2.5-32b,zero_shot,5,1,198,690,888
qwen2.5-32b,zero_shot,6,1,199,737,936
qwen2.5-32b,zero_shot,7,1,198,743,941
qwen2.5-32b,zero_shot,8,1,197,701,898
qwen2.5-32b,zero_shot,9,1,198,683,881
qwen2.5-32b,zero_shot,10,1,201,793,994
qwen2.5-32b,zero_shot,11,1,196,731,927
qwen2.5-32b,zero_shot,12,1,197,593,790
qwen2.5-32b,zero_shot,13,1,193,747,940
qwen2.5-32b,zero_shot,14,1,194,729,923
qwen2.5-32b,zero_shot,15,1,198,775,973
qwen2.5-32b,zero_shot,16,1,202,703,905
qwen2.5-32b,zero_shot,17,1,201,738,939
qwen2.5-32b,zero_shot,18,1,199,701,900
qwen2.5-32b,zero_shot,19,1,196,821,1017
qwen2.5-32b,zero_shot,20,1,197,667,864
qwen2.5-32b,zero_shot,21,1,200,795,995
qwen2.5-32b,zero_shot,22,1,196,708,904
qwen2.5-32b,zero_shot,23,1,199,726,925
qwen2.5-32b,zero_shot,24,1,195,732,927
qwen2.5-32b,zero_shot,25,1,198,758,956
qwen2.5-32b,zero_shot,26,1,197,725,922
qwen2.5-32b,zero_shot,27,1,198,730,928
qwen2.5-32b,zero_shot,28,1,195,738,933
qwen2.5-32b,zero_shot,29,1,196,662,858
qwen2.5-32b,zero_shot,30,1,194,717,911
qwen2.5-32b,zero_shot,31,1,201,647,848
qwen2.5-32b,zero_shot,32,1,195,711,906
qwen2.5-32b,zero_shot,33,1,194,796,990
qwen2.5-32b,zero_shot,34,1,195,708,903
qwen2.5-32b,zero_shot,35,1,197,700,897
qwen2.5-32b,zero_shot,36,1,197,732,929
qwen2.5-32b,zero_shot,37,1,197,744,941
qwen2.5-32b,zero_shot,38,1,197,737,934
qwen2.5-32b,zero_shot,39,1,201,755,956
qwen2.5-32b,zero_shot,40,1,194,740,934
qwen2.5-32b,zero_shot,41,1,193,715,908
qwen2.5-32b,zero_shot,42,1,199,697,896
qwen2.5-32b,zero_shot,43,1,198,716,914
qwen2.5-32b,zero_shot,44,1,200,808,1008
qwen2.5-32b,zero_shot,45,1,201,736,937
qwen2.5-32b,zero_shot,46,1,197,693,890
qwen2.5-32b,zero_shot,47,1,194,720,914
qwen2.5-32b,zero_shot,48,1,195,667,862
qwen2.5-32b,zero_shot,49,1,196,767,963
qwen2.5-32b,zero_shot,50,1,198,662,860
qwen2.5-32b,zero_shot,51,1,198,743,941
qwen2.5-32b,zero_shot,52,1,194,859,1053
qwen2.5-32b,zero_shot,53,1,198,691,889
qwen2.5-32b,zero_shot,54,1,198,767,965
qwen2.5-32b,zero_shot,55,1,199,758,957
qwen2.5-32b,zero_shot,56,1,201,653,854
qwen2.5-32b,zero_shot,57,1,197,729,926
qwen2.5-32b,zero_shot,58,1,197,791,988
qwen2.5-32b,zero_shot,59,1,196,738,934
qwen2.5-32b,zero_shot,60,1,203,732,935
qwen2.5-32b,zero_shot,61,1,199,738,937
qwen2.5-32b,zero_shot,62,1,201,668,869
qwen2.5-32b,zero_shot,63,1,201,781,982
qwen2.5-32b,zero_shot,64,1,197,758,955
qwen2.5-32b,zero_shot,65,1,200,707,907
qwen2.5-32b,zero_shot,66,1,199,747,946
qwen2.5-32b,zero_shot,67,1,200,773,973
qwen2.5-32b,zero_shot,68,1,196,650,846
qwen2.5-32b,zero_shot,69,1,197,642,839
qwen2.5-32b,zero_shot,70,1,201,695,896
qwen2.5-32b,zero_shot,71,1,196,688,884
qwen2.5-32b,zero_shot,72,1,194,726,920
qwen2.5-32b,zero_shot,73,1,200,684,884
qwen2.5-32b,zero_shot,74,1,197,664,861
qwen2.5-32b,zero_shot,75,1,197,762,959
qwen2.5-32b,zero_shot,76,1,198,700,898
qwen2.5-32b,zero_shot,77,1,197,707,904
qwen2.5-32b,zero_shot,78,1,193,714,907
qwen2.5-32b,zero_shot,79,1,199,762,961
qwen2.5-32b,zero_shot,80,1,200,699,899
qwen2.5-32b,zero_shot,81,1,193,673,866
qwen2.5-32b,zero_shot,82,1,196,678,874
qwen2.5-32b,zero_shot,83,1,197,800,997
qwen2.5-32b,zero_shot,84,1,198,653,851
qwen2.5-32b,zero_shot,85,1,196,742,938
qwen2.5-32b,zero_shot,86,1,196,794,990
qwen2.5-32b,zero_shot,87,1,196,680,876
qwen2.5-32b,zero_shot,88,1,199,748,947
qwen2.5-32b,zero_shot,89,1,199,762,961
qwen2.5-32b,zero_shot,90,1,196,760,956
qwen2.5-32b,zero_shot,91,1,195,731,926
qwen2.5-32b,zero_shot,92,1,197,727,924
qwen2.5-32b,zero_shot,93,1,199,684,883
qwen2.5-32b,zero_shot,94,1,193,711,904
qwen2.5-32b,zero_shot,95,1,197,745,942
qwen2.5-32b,zero_shot,96,1,196,740,936
qwen2.5-32b,zero_shot,97,1,199,613,812
qwen2.5-32b,zero_shot,98,1,197,685,882
qwen2.5-32b,zero_shot,99,1,200,683,883
qwen2.5-32b,zero_shot,100,1,198,774,972
qwen2.5-32b,zero_shot,101,1,199,678,877
qwen2.5-32b,zero_shot,102,1,200,764,964
qwen2.5-32b,zero_shot,103,1,201,728,929
qwen2.5-32b,zero_shot,104,1,203,762,965
qwen2.5-32b,zero_shot,105,1,193,721,914
qwen2.5-32b,zero_shot,106,1,201,662,863
qwen2.5-32b,zero_shot,107,1,195,673,868
qwen2.5-32b,zero_shot,108,1,198,747,945
qwen2.5-32b,zero_shot,109,1,197,684,881
qwen2.5-32b,zero_shot,110,1,202,715,917
qwen2.5-32b,zero_shot,111,1,197,605,802
qwen2.5-32b,zero_shot,112,1,196,764,960
qwen2.5-32b,zero_shot,113,1,196,678,874
qwen2.5-32b,zero_shot,114,1,195,671,866
qwen2.5-32b,zero_shot,115,1,196,714,910
qwen2.5-32b,zero_shot,116,1,195,680,875
qwen2.5-32b,zero_shot,117,1,201,730,931
qwen2.5-32b,zero_shot,118,1,200,634,834
qwen2.5-32b,zero_shot,119,1,198,783,981
qwen2.5-32b,zero_shot,120,1,198,688,886
qwen2.5-32b,zero_shot,121,1,194,781,975
qwen2.5-32b,zero_shot,122,1,201,651,852
qwen2.5-32b,zero_shot,123,1,197,661,858
qwen2.5-32b,zero_shot,124,1,200,746,946
qwen2.5-32b,zero_shot,125,1,193,757,950
qwen2.5-32b,zero_shot,126,1,200,728,928
qwen2.5-32b,zero_shot,127,1,201,794,995
qwen2.5-32b,zero_shot,128,1,199,735,934
qwen2.5-32b,zero_shot,129,1,197,684,881
qwen2.5-32b,zero_shot,130,1,197,702,899
qwen2.5-32b,zero_shot,131,1,193,685,878
qwen2.5-32b,zero_shot,132,1,194,820,1014
qwen2.5-32b,zero_shot,133,1,197,682,879
qwen2.5-32b,zero_shot,134,1,194,673,867
qwen2.5-32b,zero_shot,135,1,194,754,948
qwen2.5-32b,zero_shot,136,1,195,632,827
qwen2.5-32b,zero_shot,137,1,194,679,873
qwen2.5-32b,zero_shot,138,1,204,815,1019
qwen2.5-32b,zero_shot,139,1,198,778,976
qwen2.5-32b,zero_shot,140,1,197,680,877
qwen2.5-32b,zero_shot,141,1,195,719,914
qwen2.5-32b,zero_shot,142,1,197,697,894
qwen2.5-32b,zero_shot,143,1,195,763,958
qwen2.5-32b,zero_shot,144,1,200,530,730
qwen2.5-32b,zero_shot,145,1,197,693,890
qwen2.5-32b,zero_shot,146,1,200,645,845
qwen2.5-32b,zero_shot,147,1,197,774,971
qwen2.5-32b,zero_shot,148,1,198,664,862
qwen2.5-32b,zero_shot,149,1,196,770,966
qwen2.5-32b,zero_shot,150,1,198,730,928
qwen2.5-32b,zero_shot,151,1,195,752,947
qwen2.5-32b,zero_shot,152,1,194,710,904
qwen2.5-32b,zero_shot,153,1,197,728,925
qwen2.5-32b,zero_shot,154,1,201,724,925
qwen2.5-32b,zero_shot,155,1,196,635,831
qwen2.5-32b,zero_shot,156,1,198,742,940
qwen2.5-32b,zero_shot,157,1,197,686,883
qwen2.5-32b,zero_shot,158,1,198,711,909
qwen2.5-32b,zero_shot,159,1,203,701,904
qwen2.5-32b,zero_shot,160,1,198,848,1046
qwen2.5-32b,zero_shot,161,1,200,684,884
qwen2.5-32b,zero_shot,162,1,198,626,824
qwen2.5-32b,zero_shot,163,1,198,681,879
qwen2.5-32b,zero_shot,164,1,194,805,999
qwen2.5-32b,zero_shot,165,1,204,697,901
qwen2.5-32b,zero_shot,166,1,202,692,894
qwen2.5-32b,zero_shot,167,1,200,784,984
qwen2.5-32b,zero_shot,168,1,192,696,888
qwen2.5-32b,zero_shot,169,1,195,636,831
qwen2.5-32b,zero_shot,170,1,194,751,945
qwen2.5-32b,zero_shot,171,1,197,739,936
qwen2.5-32b,zero_shot,172,1,195,741,936
qwen2.5-32b,zero_shot,173,1,195,689,884
qwen2.5-32b,zero_shot,174,1,196,575,771
qwen2.5-32b,zero_shot,175,1,196,663,859
qwen2.5-32b,zero_shot,176,1,196,706,902
qwen2.5-32b,zero_shot,177,1,197,774,971
qwen2.5-32b,zero_shot,178,1,201,655,856
qwen2.5-32b,zero_shot,179,1,198,741,939
qwen2.5-32b,zero_shot,180,1,195,621,816
qwen2.5-32b,zero_shot,181,1,199,675,874
qwen2.5-32b,zero_shot,182,1,198,697,895
qwen2.5-32b,zero_shot,183,1,197,723,920
qwen2.5-32b,zero_shot,184,1,196,719,915
qwen2.5-32b,zero_shot,185,1,197,655,852
qwen2.5-32b,zero_shot,186,1,195,774,969
qwen2.5-32b,zero_shot,187,1,199,706,905
qwen2.5-32b,zero_shot,188,1,199,729,928
qwen2.5-32b,zero_shot,189,1,198,716,914
qwen2.5-32b,zero_shot,190,1,200,736,936
qwen2.5-32b,zero_shot,191,1,194,730,924
qwen2.5-32b,zero_shot,192,1,198,713,911
qwen2.5-32b,zero_shot,193,1,201,764,965
qwen2.5-32b,zero_shot,194,1,199,719,918
qwen2.5-32b,zero_shot,195,1,199,770,969
qwen2.5-32b,zero_shot,196,1,200,684,884
qwen2.5-32b,zero_shot,197,1,197,706,903
qwen2.5-32b,zero_shot,198,1,198,773,971
qwen2.5-32b,zero_shot,199,1,197,632,829
qwen2.5-32b,zero_shot,200,1,203,697,900
qwen2.5-32b,zero_shot,201,1,197,784,981
qwen2.5-32b,zero_shot,202,1,198,653,851
qwen2.5-32b,zero_shot,203,1,201,709,910
qwen2.5-32b,zero_shot,204,1,193,874,1067
qwen2.5-32b,zero_shot,205,1,196,738,934
qwen2.5-32b,zero_shot,206,1,198,772,970
qwen2.5-32b,zero_shot,207,1,198,786,984
qwen2.5-32b,zero_shot,208,1,197,708,905
qwen2.5-32b,zero_shot,209,1,198,693,891
qwen2.5-32b,zero_shot,210,1,199,604,803
qwen2.5-32b,zero_shot,211,1,198,767,965
qwen2.5-32b,zero_shot,212,1,196,713,909
qwen2.5-32b,zero_shot,213,1,199,776,975
qwen2.5-32b,zero_shot,214,1,199,869,1068
qwen2.5-32b,zero_shot,215,1,201,706,907
qwen2.5-32b,zero_shot,216,1,201,692,893
qwen2.5-32b,zero_shot,217,1,199,731,930
qwen2.5-32b,zero_shot,218,1,201,776,977
qwen2.5-32b,zero_shot,219,1,200,642,842
qwen2.5-32b,zero_shot,220,1,198,718,916
qwen2.5-32b,zero_shot,221,1,194,654,848
qwen2.5-32b,zero_shot,222,1,196,710,906
qwen2.5-32b,zero_shot,223,1,196,769,965
qwen2.5-32b,zero_shot,224,1,195,720,915
qwen2.5-32b,zero_shot,225,1,198,802,1000
qwen2.5-32b,zero_shot,226,1,194,680,874
qwen2.5-32b,zero_shot,227,1,195,671,866
qwen2.5-32b,zero_shot,228,1,201,790,991
qwen2.5-32b,zero_shot,229,1,198,796,994
qwen2.5-32b,zero_shot,230,1,195,637,832
qwen2.5-32b,zero_shot,231,1,194,683,877
qwen2.5-32b,zero_shot,232,1,201,657,858
qwen2.5-32b,zero_shot,233,1,197,708,905
qwen2.5-32b,zero_shot,234,1,197,723,920
qwen2.5-32b,zero_shot,235,1,193,809,1002
qwen2.5-32b,zero_shot,236,1,200,734,934
qwen2.5-32b,zero_shot,237,1,198,752,950
qwen2.5-32b,zero_shot,238,1,194,734,928
qwen2.5-32b,zero_shot,239,1,195,785,980
qwen2.5-32b,zero_shot,240,1,200,800,1000
qwen2.5-32b,zero_shot,241,1,200,706,906
qwen2.5-32b,zero_shot,242,1,193,776,969
qwen2.5-32b,zero_shot,243,1,195,743,938
qwen2.5-32b,zero_shot,244,1,195,782,977
qwen2.5-32b,zero_shot,245,1,197,691,888
qwen2.5-32b,zero_shot,246,1,193,669,862
qwen2.5-32b,zero_shot,247,1,194,664,858
qwen2.5-32b,zero_shot,248,1,200,783,983
qwen2.5-32b,zero_shot,249,1,197,714,911
qwen2.5-32b,zero_shot,250,1,194,711,905
qwen2.5-32b,zero_shot,251,1,196,802,998
qwen2.5-32b,zero_shot,252,1,198,657,855
qwen2.5-32b,zero_shot,253,1,194,764,958
qwen2.5-32b,zero_shot,254,1,193,725,918
qwen2.5-32b,zero_shot,255,1,198,781,979
qwen2.5-32b,zero_shot,256,1,197,763,960
qwen2.5-32b,zero_shot,257,1,197,754,951
qwen2.5-32b,zero_shot,258,1,201,734,935
qwen2.5-32b,zero_shot,259,1,199,755,954
qwen2.5-32b,zero_shot,260,1,199,748,947
qwen2.5-32b,zero_shot,261,1,194,630,824
qwen2.5-32b,zero_shot,262,1,195,700,895
qwen2.5-32b,zero_shot,263,1,196,817,1013
qwen2.5-32b,zero_shot,264,1,195,684,879
qwen2.5-32b,zero_shot,265,1,195,750,945
qwen2.5-32b,zero_shot,266,1,198,700,898
qwen2.5-32b,zero_shot,267,1,200,706,906
qwen2.5-32b,zero_shot,268,1,196,702,898
qwen2.5-32b,zero_shot,269,1,200,719,919
qwen2.5-32b,zero_shot,270,1,193,839,1032
qwen2.5-32b,zero_shot,271,1,196,689,885
qwen2.5-32b,zero_shot,272,1,193,742,935
qwen2.5-32b,zero_shot,273,1,195,823,1018
qwen2.5-32b,zero_shot,274,1,201,677,878
qwen2.5-32b,zero_shot,275,1,195,707,902
qwen2.5-32b,zero_shot,276,1,195,757,952
qwen2.5-32b,zero_shot,277,1,197,617,814
qwen2.5-32b,zero_shot,278,1,200,754,954
qwen2.5-32b,zero_shot,279,1,196,703,899
qwen2.5-32b,zero_shot,280,1,197,653,850
qwen2.5-32b,zero_shot,281,1,194,777,971
qwen2.5-32b,zero_shot,282,1,194,802,996
qwen2.5-32b,zero_shot,283,1,201,773,974
qwen2.5-32b,zero_shot,284,1,193,736,929
qwen2.5-32b,zero_shot,285,1,196,678,874
qwen2.5-32b,zero_shot,286,1,196,674,870
qwen2.5-32b,zero_shot,287,1,202,690,892
qwen2.5-32b,zero_shot,288,1,195,663,858
qwen2.5-32b,zero_shot,289,1,195,632,827
qwen2.5-32b,zero_shot,290,1,203,643,846
qwen2.5-32b,zero_shot,291,1,202,722,924
qwen2.5-32b,zero_shot,292,1,195,723,918
qwen2.5-32b,zero_shot,293,1,196,661,857
qwen2.5-32b,zero_shot,294,1,193,629,822
qwen2.5-32b,zero_shot,295,1,193,671,864
qwen2.5-32b,zero_shot,296,1,194,598,792
qwen2.5-32b,zero_shot,297,1,197,773,970
qwen2.5-32b,zero_shot,298,1,197,604,801
qwen2.5-32b,zero_shot,299,1,199,748,947
qwen2.5-32b,zero_shot,300,1,194,700,894
qwen2.5-32b,zero_shot,301,1,198,737,935
qwen2.5-32b,zero_shot,302,1,196,735,931
qwen2.5-32b,zero_shot,303,1,195,757,952
qwen2.5-32b,zero_shot,304,1,200,746,946
qwen2.5-32b,zero_shot,305,1,200,746,946
qwen2.5-32b,zero_shot,306,1,195,783,978
qwen2.5-32b,zero_shot,307,1,200,772,972
qwen2.5-32b,zero_shot,308,1,195,804,999
qwen2.5-32b,zero_shot,309,1,195,724,919
qwen2.5-32b,zero_shot,310,1,195,689,884
qwen2.5-32b,zero_shot,311,1,196,602,798
qwen2.5-32b,zero_shot,312,1,194,770,964
qwen2.5-32b,zero_shot,313,1,200,698,898
qwen2.5-32b,zero_shot,314,1,193,675,868
qwen2.5-32b,zero_shot,315,1,194,696,890
qwen2.5-32b,zero_shot,316,1,199,740,939
qwen2.5-32b,zero_shot,317,1,193,639,832
qwen2.5-32b,zero_shot,318,1,200,778,978
qwen2.5-32b,zero_shot,319,1,202,743,945
qwen2.5-32b,zero_shot,320,1,196,737,933
qwen2.5-32b,zero_shot,321,1,196,678,874
qwen2.5-32b,zero_shot,322,1,197,728,925
qwen2.5-32b,zero_shot,323,1,197,757,954
qwen2.5-32b,zero_shot,324,1,194,776,970
qwen2.5-32b,zero_shot,325,1,198,732,930
qwen2.5-32b,zero_shot,326,1,201,741,942
qwen2.5-32b,zero_shot,327,1,197,740,937
qwen2.5-32b,zero_shot,328,1,197,709,906
qwen2.5-32b,zero_shot,329,1,199,788,987
qwen2.5-32b,zero_shot,330,1,196,732,928
qwen2.5-32b,zero_shot,331,1,196,785,981
qwen2.5-32b,zero_shot,332,1,199,593,792
qwen2.5-32b,zero_shot,333,1,196,682,878
qwen2.5-32b,zero_shot,334,1,197,695,892
qwen2.5-32b,zero_shot,335,1,196,767,963
qwen2.5-32b,zero_shot,336,1,195,780,975
qwen2.5-32b,zero_shot,337,1,197,716,913
qwen2.5-32b,zero_shot,338,1,199,754,953
qwen2.5-32b,zero_shot,339,1,195,709,904
qwen2.5-32b,zero_shot,340,1,199,731,930
qwen2.5-32b,zero_shot,341,1,197,725,922
qwen2.5-32b,zero_shot,342,1,202,702,904
qwen2.5-32b,zero_shot,343,1,198,814,1012
qwen2.5-32b,zero_shot,344,1,194,686,880
qwen2.5-32b,zero_shot,345,1,204,650,854
qwen2.5-32b,zero_shot,346,1,198,700,898
qwen2.5-32b,zero_shot,347,1,199,758,957
qwen2.5-32b,zero_shot,348,1,197,741,938
qwen2.5-32b,zero_shot,349,1,200,748,948
qwen2.5-32b,zero_shot,350,1,196,667,863
qwen2.5-32b,zero_shot,351,1,202,863,1065
qwen2.5-32b,zero_shot,352,1,198,724,922
qwen2.5-32b,zero_shot,353,1,197,704,901
qwen2.5-32b,zero_shot,354,1,198,737,935
qwen2.5-32b,zero_shot,355,1,193,696,889
qwen2.5-32b,zero_shot,356,1,197,734,931
qwen2.5-32b,zero_shot,357,1,194,748,942
qwen2.5-32b,zero_shot,358,1,197,607,804
qwen2.5-32b,zero_shot,359,1,198,719,917
qwen2.5-32b,zero_shot,360,1,198,749,947
qwen2.5-32b,zero_shot,361,1,195,714,909
qwen2.5-32b,zero_shot,362,1,199,714,913
qwen2.5-32b,zero_shot,363,1,194,760,954
qwen2.5-32b,zero_shot,364,1,196,779,975
qwen2.5-32b,zero_shot,365,1,199,715,914
qwen2.5-32b,zero_shot,366,1,203,787,990
qwen2.5-32b,zero_shot,367,1,200,735,935
qwen2.5-32b,zero_shot,368,1,195,696,891
qwen2.5-32b,zero_shot,369,1,199,815,1014
qwen2.5-32b,zero_shot,370,1,197,670,867
qwen2.5-32b,zero_shot,371,1,200,797,997
qwen2.5-32b,zero_shot,372,1,197,705,902
qwen2.5-32b,zero_shot,373,1,197,751,948
qwen2.5-32b,zero_shot,374,1,198,686,884
qwen2.5-32b,zero_shot,375,1,201,655,856
qwen2.5-32b,zero_shot,376,1,198,710,908
qwen2.5-32b,zero_shot,377,1,194,675,869
qwen2.5-32b,zero_shot,378,1,199,746,945
qwen2.5-32b,zero_shot,379,1,196,671,867
qwen2.5-32b,zero_shot,380,1,195,687,882
qwen2.5-32b,zero_shot,381,1,202,698,900
qwen2.5-32b,zero_shot,382,1,201,666,867
qwen2.5-32b,zero_shot,383,1,196,686,882
qwen2.5-32b,zero_shot,384,1,195,851,1046
qwen2.5-32b,zero_shot,385,1,199,675,874
qwen2.5-32b,zero_shot,386,1,202,833,1035
qwen2.5-32b,zero_shot,387,1,200,837,1037
qwen2.5-32b,zero_shot,388,1,201,777,978
qwen2.5-32b,zero_shot,389,1,200,690,890
qwen2.5-32b,zero_shot,390,1,196,716,912
qwen2.5-32b,zero_shot,391,1,200,758,958
qwen2.5-32b,zero_shot,392,1,195,735,930
qwen2.5-32b,zero_shot,393,1,199,673,872
qwen2.5-32b,zero_shot,394,1,200,712,912
qwen2.5-32b,zero_shot,395,1,194,694,888
qwen2.5-32b,zero_shot,396,1,194,668,862
qwen2.5-32b,zero_shot,397,1,196,648,844
qwen2.5-32b,zero_shot,398,1,199,674,873
qwen2.5-32b,zero_shot,399,1,198,703,901
qwen2.5-32b,zero_shot,400,1,198,688,886
qwen2.5-32b,zero_shot,401,1,197,745,942
qwen2.5-32b,zero_shot,402,1,200,749,949
qwen2.5-32b,zero_shot,403,1,195,611,806
qwen2.5-32b,zero_shot,404,1,195,668,863
qwen2.5-32b,zero_shot,405,1,195,700,895
qwen2.5-32b,zero_shot,406,1,198,761,959
qwen2.5-32b,zero_shot,407,1,194,687,881
qwen2.5-32b,zero_shot,408,1,194,706,900
qwen2.5-32b,zero_shot,409,1,198,819,1017
qwen2.5-32b,zero_shot,410,1,197,667,864
qwen2.5-32b,zero_shot,411,1,195,764,959
qwen2.5-32b,zero_shot,412,1,195,777,972
qwen2.5-32b,zero_shot,413,1,201,656,857
qwen2.5-32b,zero_shot,414,1,198,580,778
qwen2.5-32b,zero_shot,415,1,197,725,922
qwen2.5-32b,zero_shot,416,1,199,759,958
qwen2.5-32b,zero_shot,417,1,193,725,918
qwen2.5-32b,zero_shot,418,1,200,763,963
qwen2.5-32b,zero_shot,419,1,195,721,916
qwen2.5-32b,zero_shot,420,1,194,648,842
qwen2.5-32b,zero_shot,421,1,197,690,887
qwen2.5-32b,zero_shot,422,1,194,836,1030
qwen2.5-32b,zero_shot,423,1,194,720,914
qwen2.5-32b,zero_shot,424,1,198,744,942
qwen2.5-32b,zero_shot,425,1,200,760,960
qwen2.5-32b,zero_shot,426,1,195,599,794
qwen2.5-32b,zero_shot,427,1,196,774,970
qwen2.5-32b,zero_shot,428,1,200,730,930
qwen2.5-32b,zero_shot,429,1,194,761,955
qwen2.5-32b,zero_shot,430,1,197,750,947
qwen2.5-32b,zero_shot,431,1,194,706,900
qwen2.5-32b,zero_shot,432,1,194,718,912
qwen2.5-32b,zero_shot,433,1,198,690,888
qwen2.5-32b,zero_shot,434,1,196,665,861
qwen2.5-32b,zero_shot,435,1,196,751,947
qwen2.5-32b,zero_shot,436,1,193,764,957
qwen2.5-32b,zero_shot,437,1,194,814,1008
qwen2.5-32b,zero_shot,438,1,194,688,882
qwen2.5-32b,zero_shot,439,1,199,748,947
qwen2.5-32b,zero_shot,440,1,202,712,914
qwen2.5-32b,zero_shot,441,1,197,673,870
qwen2.5-32b,zero_shot,442,1,200,694,894
qwen2.5-32b,zero_shot,443,1,195,662,857
qwen2.5-32b,zero_shot,444,1,201,660,861
qwen2.5-32b,zero_shot,445,1,193,721,914
qwen2.5-32b,zero_shot,446,1,198,672,870
qwen2.5-32b,zero_shot,447,1,194,689,883
qwen2.5-32b,zero_shot,448,1,194,708,902
qwen2.5-32b,zero_shot,449,1,200,675,875
qwen2.5-32b,zero_shot,450,1,193,714,907
qwen2.5-32b,zero_shot,451,1,196,715,911
qwen2.5-32b,zero_shot,452,1,199,687,886
qwen2.5-32b,zero_shot,453,1,201,671,872
qwen2.5-32b,zero_shot,454,1,194,651,845
qwen2.5-32b,zero_shot,455,1,193,726,919
qwen2.5-32b,zero_shot,456,1,194,821,1015
qwen2.5-32b,zero_shot,457,1,195,764,959
qwen2.5-32b,zero_shot,458,1,194,723,917
qwen2.5-32b,zero_shot,459,1,196,730,926
qwen2.5-32b,zero_shot,460,1,196,747,943
qwen2.5-32b,zero_shot,461,1,199,765,964
qwen2.5-32b,zero_shot,462,1,197,756,953
qwen2.5-32b,zero_shot,463,1,200,752,952
qwen2.5-32b,zero_shot,464,1,200,700,900
qwen2.5-32b,zero_shot,465,1,195,634,829
qwen2.5-32b,zero_shot,466,1,193,732,925
qwen2.5-32b,zero_shot,467,1,197,723,920
qwen2.5-32b,zero_shot,468,1,192,762,954
qwen2.5-32b,zero_shot,469,1,195,623,818
qwen2.5-32b,zero_shot,470,1,197,794,991
qwen2.5-32b,zero_shot,471,1,197,790,987
qwen2.5-32b,zero_shot,472,1,196,792,988
qwen2.5-32b,zero_shot,473,1,193,719,912
qwen2.5-32b,zero_shot,474,1,199,745,944
qwen2.5-32b,zero_shot,475,1,199,723,922
qwen2.5-32b,zero_shot,476,1,200,667,867
qwen2.5-32b,zero_shot,477,1,199,676,875
qwen2.5-32b,zero_shot,478,1,196,765,961
qwen2.5-32b,zero_shot,479,1,195,656,851
qwen2.5-32b,zero_shot,480,1,200,723,923
qwen2.5-32b,zero_shot,481,1,193,761,954
qwen2.5-32b,zero_shot,482,1,196,726,922
qwen2.5-32b,zero_shot,483,1,196,695,891
qwen2.5-32b,zero_shot,484,1,193,677,870
qwen2.5-32b,zero_shot,485,1,196,756,952
qwen2.5-32b,zero_shot,486,1,196,740,936
qwen2.5-32b,zero_shot,487,1,196,672,868
qwen2.5-32b,zero_shot,488,1,194,675,869
qwen2.5-32b,zero_shot,489,1,197,744,941
qwen2.5-32b,zero_shot,490,1,197,704,901
qwen2.5-32b,zero_shot,491,1,202,670,872
qwen2.5-32b,zero_shot,492,1,203,769,972
qwen2.5-32b,zero_shot,493,1,198,695,893
qwen2.5-32b,zero_shot,494,1,199,730,929
qwen2.5-32b,zero_shot,495,1,196,750,946
qwen2.5-32b,zero_shot,496,1,201,719,920
qwen2.5-32b,zero_shot,497,1,195,705,900
qwen2.5-32b,zero_shot,498,1,198,789,987
qwen2.5-32b,zero_shot,499,1,195,732,927
qwen2.5-32b,zero_shot,500,1,197,740,937
qwen3.6-35b,full,1,2,2845,857,3702
qwen3.6-35b,full,2,2,3069,1114,4183
qwen3.6-35b,full,3,2,2670,723,3393
qwen3.6-35b,full,4,2,2602,801,3403
qwen3.6-35b,full,5,2,2610,809,3419
qwen3.6-35b,full,6,2,2684,633,3317
qwen3.6-35b,full,7,2,2735,822,3557
qwen3.6-35b,full,8,2,2667,823,3490
qwen3.6-35b,full,9,2,2482,679,3161
qwen3.6-35b,full,10,2,2666,712,3378
qwen3.6-35b,full,11,2,2664,671,3335
qwen3.6-35b,full,12,2,2845,885,3730
qwen3.6-35b,full,13,2,2620,731,3351
qwen3.6-35b,full,14,2,2763,667,3430
qwen3.6-35b,full,15,2,2496,791,3287
qwen3.6-35b,full,16,2,3122,964,4086
qwen3.6-35b,full,17,2,2919,750,3669
qwen3.6-35b,full,18,2,2491,751,3242
qwen3.6-35b,full,19,2,2515,691,3206
qwen3.6-35b,full,20,2,2802,886,3688
qwen3.6-35b,full,21,2,2801,863,3664
qwen3.6-35b,full,22,2,2511,779,3290
qwen3.6-35b,full,23,2,2879,794,3673
qwen3.6-35b,full,24,2,2735,909,3644
qwen3.6-35b,full,25,2,2484,777,3261
qwen3.6-35b,full,26,2,2678,644,3322
qwen3.6-35b,full,27,2,2420,707,3127
qwen3.6-35b,full,28,2,2454,729,3183
qwen3.6-35b,full,29,2,2674,824,3498
qwen3.6-35b,full,30,2,2697,761,3458
qwen3.6-35b,full,31,2,3006,859,3865
qwen3.6-35b,full,32,2,2755,726,3481
qwen3.6-35b,full,33,2,2623,770,3393
qwen3.6-35b,full,34,2,2615,816,3431
qwen3.6-35b,full,35,2,2919,813,3732
qwen3.6-35b,full,36,2,2597,726,3323
qwen3.6-35b,full,37,2,2470,633,3103
qwen3.6-35b,full,38,2,2930,949,3879
qwen3.6-35b,full,39,2,2741,872,3613
qwen3.6-35b,full,40,2,2638,854,3492
qwen3.6-35b,full,41,2,2631,810,3441
qwen3.6-35b,full,42,2,2719,614,3333
qwen3.6-35b,full,43,2,3073,1119,4192
qwen3.6-35b,full,44,2,2541,589,3130
qwen3.6-35b,full,45,2,2727,773,3500
qwen3.6-35b,full,46,2,2787,808,3595
qwen3.6-35b,full,47,2,2353,702,3055
qwen3.6-35b,full,48,2,2513,780,3293
qwen3.6-35b,full,49,2,2553,651,3204
qwen3.6-35b,full,50,2,2594,781,3375
qwen3.6-35b,full,51,2,2663,677,3340
qwen3.6-35b,full,52,2,2522,759,3281
qwen3.6-35b,full,53,2,2641,782,3423
qwen3.6-35b,full,54,2,2823,1017,3840
qwen3.6-35b,full,55,2,2566,737,3303
qwen3.6-35b,full,56,2,2718,900,3618
qwen3.6-35b,full,57,2,2934,812,3746
qwen3.6-35b,full,58,2,2646,676,3322
qwen3.6-35b,full,59,2,2768,818,3586
qwen3.6-35b,full,60,2,2697,849,3546
qwen3.6-35b,full,61,2,2439,719,3158
qwen3.6-35b,full,62,2,2631,760,3391
qwen3.6-35b,full,63,2,2533,678,3211
qwen3.6-35b,full,64,2,2650,824,3474
qwen3.6-35b,full,65,2,2499,756,3255
qwen3.6-35b,full,66,2,2742,768,3510
qwen3.6-35b,full,67,2,2836,883,3719
qwen3.6-35b,full,68,2,2335,631,2966
qwen3.6-35b,full,69,2,2542,745,3287
qwen3.6-35b,full,70,2,2540,724,3264
qwen3.6-35b,full,71,2,2725,819,3544
qwen3.6-35b,full,72,2,2611,786,3397
qwen3.6-35b,full,73,2,2695,953,3648
qwen3.6-35b,full,74,2,2710,844,3554
qwen3.6-35b,full,75,2,2797,707,3504
qwen3.6-35b,full,76,2,2649,915,3564
qwen3.6-35b,full,77,2,2740,769,3509
qwen3.6-35b,full,78,2,2720,768,3488
qwen3.6-35b,full,79,2,2632,918,3550
qwen3.6-35b,full,80,2,2603,790,3393
qwen3.6-35b,full,81,2,2610,714,3324
qwen3.6-35b,full,82,2,2527,729,3256
qwen3.6-35b,full,83,2,2859,850,3709
qwen3.6-35b,full,84,2,2839,863,3702
qwen3.6-35b,full,85,2,3081,992,4073
qwen3.6-35b,full,86,2,2676,759,3435
qwen3.6-35b,full,87,2,2538,787,3325
qwen3.6-35b,full,88,2,2771,738,3509
qwen3.6-35b,full,89,2,2521,796,3317
qwen3.6-35b,full,90,2,2895,1078,3973
qwen3.6-35b,full,91,2,2653,688,3341
qwen3.6-35b,full,92,2,2524,690,3214
qwen3.6-35b,full,93,2,2580,739,3319
qwen3.6-35b,full,94,2,2596,803,3399
qwen3.6-35b,full,95,2,2708,731,3439
qwen3.6-35b,full,96,2,2673,862,3535
qwen3.6-35b,full,97,2,2999,894,3893
qwen3.6-35b,full,98,2,2528,710,3238
qwen3.6-35b,full,99,2,2763,976,3739
qwen3.6-35b,full,100,2,2440,628,3068
qwen3.6-35b,full,101,2,2831,700,3531
qwen3.6-35b,full,102,2,2586,874,3460
qwen3.6-35b,full,103,2,2618,786,3404
qwen3.6-35b,full,104,2,2549,552,3101
qwen3.6-35b,full,105,2,2755,801,3556
qwen3.6-35b,full,106,2,2638,766,3404
qwen3.6-35b,full,107,2,2929,923,3852
qwen3.6-35b,full,108,2,2673,846,3519
qwen3.6-35b,full,109,2,2844,717,3561
qwen3.6-35b,full,110,2,2903,784,3687
qwen3.6-35b,full,111,2,2537,718,3255
qwen3.6-35b,full,112,2,2711,875,3586
qwen3.6-35b,full,113,2,2978,874,3852
qwen3.6-35b,full,114,2,2358,632,2990
qwen3.6-35b,full,115,2,2518,798,3316
qwen3.6-35b,full,116,2,2721,732,3453
qwen3.6-35b,full,117,2,2777,804,3581
qwen3.6-35b,full,118,2,2727,734,3461
qwen3.6-35b,full,119,2,2570,783,3353
qwen3.6-35b,full,120,2,2351,666,3017
qwen3.6-35b,full,121,2,2655,640,3295
qwen3.6-35b,full,122,2,2660,633,3293
qwen3.6-35b,full,123,2,2608,870,3478
qwen3.6-35b,full,124,2,2810,877,3687
qwen3.6-35b,full,125,2,2641,687,3328
qwen3.6-35b,full,126,2,2824,707,3531
qwen3.6-35b,full,127,2,2405,607,3012
qwen3.6-35b,full,128,2,2894,911,3805
qwen3.6-35b,full,129,2,2667,683,3350
qwen3.6-35b,full,130,2,2500,791,3291
qwen3.6-35b,full,131,2,2608,784,3392
qwen3.6-35b,full,132,2,2653,806,3459
qwen3.6-35b,full,133,2,2504,780,3284
qwen3.6-35b,full,134,2,2374,671,3045
qwen3.6-35b,full,135,2,2858,866,3724
qwen3.6-35b,full,136,2,2698,710,3408
qwen3.6-35b,full,137,2,2837,934,3771
qwen3.6-35b,full,138,2,2334,672,3006
qwen3.6-35b,full,139,2,2521,719,3240
qwen3.6-35b,full,140,2,2815,880,3695
qwen3.6-35b,full,141,2,2647,812,3459
qwen3.6-35b,full,142,2,2490,785,3275
qwen3.6-35b,full,143,2,2685,723,3408
qwen3.6-35b,full,144,2,2802,809,3611
qwen3.6-35b,full,145,2,2610,791,3401
qwen3.6-35b,full,146,2,2752,790,3542
qwen3.6-35b,full,147,2,3088,953,4041
qwen3.6-35b,full,148,2,2825,682,3507
qwen3.6-35b,full,149,2,2876,921,3797
qwen3.6-35b,full,150,2,2808,724,3532
qwen3.6-35b,full,151,2,2680,836,3516
qwen3.6-35b,full,152,2,2782,867,3649
qwen3.6-35b,full,153,2,2982,902,3884
qwen3.6-35b,full,154,2,3105,931,4036
qwen3.6-35b,full,155,2,3013,900,3913
qwen3.6-35b,full,156,2,2646,708,3354
qwen3.6-35b,full,157,2,2894,976,3870
qwen3.6-35b,full,158,2,2541,682,3223
qwen3.6-35b,full,159,2,2607,758,3365
qwen3.6-35b,full,160,2,2583,712,3295
qwen3.6-35b,full,161,2,2652,810,3462
qwen3.6-35b,full,162,2,2629,786,3415
qwen3.6-35b,full,163,2,2778,750,3528
qwen3.6-35b,full,164,2,2643,689,3332
qwen3.6-35b,full,165,2,3236,1083,4319
qwen3.6-35b,full,166,2,2603,734,3337
qwen3.6-35b,full,167,2,2793,831,3624
qwen3.6-35b,full,168,2,2795,829,3624
qwen3.6-35b,full,169,2,2809,857,3666
qwen3.6-35b,full,170,2,2484,653,3137
qwen3.6-35b,full,171,2,2911,822,3733
qwen3.6-35b,full,172,2,2906,941,3847
qwen3.6-35b,full,173,2,2538,711,3249
qwen3.6-35b,full,174,2,2590,673,3263
qwen3.6-35b,full,175,2,2657,810,3467
qwen3.6-35b,full,176,2,2681,849,3530
qwen3.6-35b,full,177,2,2974,877,3851
qwen3.6-35b,full,178,2,2770,748,3518
qwen3.6-35b,full,179,2,2670,735,3405
qwen3.6-35b,full,180,2,2510,821,3331
qwen3.6-35b,full,181,2,3041,875,3916
qwen3.6-35b,full,182,2,2769,947,3716
qwen3.6-35b,full,183,2,2736,783,3519
qwen3.6-35b,full,184,2,2825,896,3721
qwen3.6-35b,full,185,2,2547,622,3169
qwen3.6-35b,full,186,2,3111,963,4074
qwen3.6-35b,full,187,2,2762,908,3670
qwen3.6-35b,full,188,2,2610,778,3388
qwen3.6-35b,full,189,2,2480,778,3258
qwen3.6-35b,full,190,2,2744,794,3538
qwen3.6-35b,full,191,2,2806,979,3785
qwen3.6-35b,full,192,2,2648,748,3396
qwen3.6-35b,full,193,2,2771,937,3708
qwen3.6-35b,full,194,2,2583,643,3226
qwen3.6-35b,full,195,2,2429,698,3127
qwen3.6-35b,full,196,2,3166,1035,4201
qwen3.6-35b,full,197,2,2516,695,3211
qwen3.6-35b,full,198,2,3037,869,3906
qwen3.6-35b,full,199,2,3102,1037,4139
qwen3.6-35b,full,200,2,2592,697,3289
qwen3.6-35b,full,201,2,2737,783,3520
qwen3.6-35b,full,202,2,2365,705,3070
qwen3.6-35b,full,203,2,2752,991,3743
qwen3.6-35b,full,204,2,2636,921,3557
qwen3.6-35b,full,205,2,2819,882,3701
qwen3.6-35b,full,206,2,3108,991,4099
qwen3.6-35b,full,207,2,2486,799,3285
qwen3.6-35b,full,208,2,2912,762,3674
qwen3.6-35b,full,209,2,2780,770,3550
qwen3.6-35b,full,210,2,2759,935,3694
qwen3.6-35b,full,211,2,2667,809,3476
qwen3.6-35b,full,212,2,2504,645,3149
qwen3.6-35b,full,213,2,2835,696,3531
qwen3.6-35b,full,214,2,2730,871,3601
qwen3.6-35b,full,215,2,2907,782,3689
qwen3.6-35b,full,216,2,3061,909,3970
qwen3.6-35b,full,217,2,2938,751,3689
qwen3.6-35b,full,218,2,2804,920,3724
qwen3.6-35b,full,219,2,2529,818,3347
qwen3.6-35b,full,220,2,2893,817,3710
qwen3.6-35b,full,221,2,2585,619,3204
qwen3.6-35b,full,222,2,3008,1061,4069
qwen3.6-35b,full,223,2,2588,752,3340
qwen3.6-35b,full,224,2,2512,693,3205
qwen3.6-35b,full,225,2,2932,961,3893
qwen3.6-35b,full,226,2,2372,729,3101
qwen3.6-35b,full,227,2,2583,771,3354
qwen3.6-35b,full,228,2,2635,807,3442
qwen3.6-35b,full,229,2,2694,867,3561
qwen3.6-35b,full,230,2,2670,736,3406
qwen3.6-35b,full,231,2,2699,860,3559
qwen3.6-35b,full,232,2,2597,733,3330
qwen3.6-35b,full,233,2,2554,855,3409
qwen3.6-35b,full,234,2,2549,726,3275
qwen3.6-35b,full,235,2,2545,741,3286
qwen3.6-35b,full,236,2,2371,722,3093
qwen3.6-35b,full,237,2,2721,753,3474
qwen3.6-35b,full,238,2,2751,793,3544
qwen3.6-35b,full,239,2,2912,953,3865
qwen3.6-35b,full,240,2,2832,817,3649
qwen3.6-35b,full,241,2,2591,837,3428
qwen3.6-35b,full,242,2,2754,894,3648
qwen3.6-35b,full,243,2,2616,677,3293
qwen3.6-35b,full,244,2,2262,607,2869
qwen3.6-35b,full,245,2,2617,789,3406
qwen3.6-35b,full,246,2,2678,717,3395
qwen3.6-35b,full,247,2,3047,1095,4142
qwen3.6-35b,full,248,2,2532,710,3242
qwen3.6-35b,full,249,2,2652,824,3476
qwen3.6-35b,full,250,2,2512,677,3189
qwen3.6-35b,full,251,2,2530,725,3255
qwen3.6-35b,full,252,2,2899,940,3839
qwen3.6-35b,full,253,2,2734,910,3644
qwen3.6-35b,full,254,2,2530,706,3236
qwen3.6-35b,full,255,2,2901,763,3664
qwen3.6-35b,full,256,2,2633,723,3356
qwen3.6-35b,full,257,2,2710,780,3490
qwen3.6-35b,full,258,2,2548,818,3366
qwen3.6-35b,full,259,2,2727,874,3601
qwen3.6-35b,full,260,2,2509,787,3296
qwen3.6-35b,full,261,2,2752,795,3547
qwen3.6-35b,full,262,2,2813,827,3640
qwen3.6-35b,full,263,2,2760,807,3567
qwen3.6-35b,full,264,2,2534,728,3262
qwen3.6-35b,full,265,2,2718,878,3596
qwen3.6-35b,full,266,2,2690,704,3394
qwen3.6-35b,full,267,2,2676,830,3506
qwen3.6-35b,full,268,2,2506,687,3193
qwen3.6-35b,full,269,2,2959,888,3847
qwen3.6-35b,full,270,2,2621,675,3296
qwen3.6-35b,full,271,2,2813,865,3678
qwen3.6-35b,full,272,2,2448,712,3160
qwen3.6-35b,full,273,2,2744,785,3529
qwen3.6-35b,full,274,2,2570,584,3154
qwen3.6-35b,full,275,2,2735,762,3497
qwen3.6-35b,full,276,2,2819,891,3710
qwen3.6-35b,full,277,2,2664,667,3331
qwen3.6-35b,full,278,2,2932,830,3762
qwen3.6-35b,full,279,2,2613,882,3495
qwen3.6-35b,full,280,2,2799,830,3629
qwen3.6-35b,full,281,2,2743,790,3533
qwen3.6-35b,full,282,2,2551,758,3309
qwen3.6-35b,full,283,2,2621,769,3390
qwen3.6-35b,full,284,2,2774,720,3494
qwen3.6-35b,full,285,2,2687,710,3397
qwen3.6-35b,full,286,2,2843,872,3715
qwen3.6-35b,full,287,2,2850,739,3589
qwen3.6-35b,full,288,2,2611,786,3397
qwen3.6-35b,full,289,2,2897,790,3687
qwen3.6-35b,full,290,2,2748,887,3635
qwen3.6-35b,full,291,2,2875,885,3760
qwen3.6-35b,full,292,2,3002,850,3852
qwen3.6-35b,full,293,2,2891,1059,3950
qwen3.6-35b,full,294,2,2329,611,2940
qwen3.6-35b,full,295,2,2918,777,3695
qwen3.6-35b,full,296,2,2762,758,3520
qwen3.6-35b,full,297,2,2866,758,3624
qwen3.6-35b,full,298,2,2743,853,3596
qwen3.6-35b,full,299,2,2955,830,3785
qwen3.6-35b,full,300,2,2936,852,3788
qwen3.6-35b,full,301,2,2769,932,3701
qwen3.6-35b,full,302,2,2641,677,3318
qwen3.6-35b,full,303,2,2647,939,3586
qwen3.6-35b,full,304,2,2926,1101,4027
qwen3.6-35b,full,305,2,2828,665,3493
qwen3.6-35b,full,306,2,2567,709,3276
qwen3.6-35b,full,307,2,2875,849,3724
qwen3.6-35b,full,308,2,2450,741,3191
qwen3.6-35b,full,309,2,2890,743,3633
qwen3.6-35b,full,310,2,2497,648,3145
qwen3.6-35b,full,311,2,2822,705,3527
qwen3.6-35b,full,312,2,2382,651,3033
qwen3.6-35b,full,313,2,2873,890,3763
qwen3.6-35b,full,314,2,2981,1170,4151
qwen3.6-35b,full,315,2,2617,824,3441
qwen3.6-35b,full,316,2,2691,711,3402
qwen3.6-35b,full,317,2,2845,808,3653
qwen3.6-35b,full,318,2,2473,754,3227
qwen3.6-35b,full,319,2,2402,684,3086
qwen3.6-35b,full,320,2,2537,634,3171
qwen3.6-35b,full,321,2,2430,709,3139
qwen3.6-35b,full,322,2,2341,628,2969
qwen3.6-35b,full,323,2,2385,736,3121
qwen3.6-35b,full,324,2,2591,759,3350
qwen3.6-35b,full,325,2,2310,603,2913
qwen3.6-35b,full,326,2,2843,759,3602
qwen3.6-35b,full,327,2,2734,797,3531
qwen3.6-35b,full,328,2,2573,855,3428
qwen3.6-35b,full,329,2,2732,820,3552
qwen3.6-35b,full,330,2,2691,731,3422
qwen3.6-35b,full,331,2,2740,730,3470
qwen3.6-35b,full,332,2,2594,773,3367
qwen3.6-35b,full,333,2,2683,758,3441
qwen3.6-35b,full,334,2,2499,677,3176
qwen3.6-35b,full,335,2,3076,937,4013
qwen3.6-35b,full,336,2,2694,766,3460
qwen3.6-35b,full,337,2,2277,642,2919
qwen3.6-35b,full,338,2,2684,854,3538
qwen3.6-35b,full,339,2,2699,775,3474
qwen3.6-35b,full,340,2,2649,819,3468
qwen3.6-35b,full,341,2,2808,779,3587
qwen3.6-35b,full,342,2,2825,845,3670
qwen3.6-35b,full,343,2,2780,842,3622
qwen3.6-35b,full,344,2,2697,830,3527
qwen3.6-35b,full,345,2,2912,776,3688
qwen3.6-35b,full,346,2,2825,886,3711
qwen3.6-35b,full,347,2,2626,820,3446
qwen3.6-35b,full,348,2,2775,877,3652
qwen3.6-35b,full,349,2,2852,953,3805
qwen3.6-35b,full,350,2,2612,675,3287
qwen3.6-35b,full,351,2,2533,808,3341
qwen3.6-35b,full,352,2,3139,1053,4192
qwen3.6-35b,full,353,2,2605,780,3385
qwen3.6-35b,full,354,2,2705,721,3426
qwen3.6-35b,full,355,2,2437,598,3035
qwen3.6-35b,full,356,2,2760,767,3527
qwen3.6-35b,full,357,2,2768,635,3403
qwen3.6-35b,full,358,2,2806,720,3526
qwen3.6-35b,full,359,2,2594,652,3246
qwen3.6-35b,full,360,2,2580,851,3431
qwen3.6-35b,full,361,2,2684,710,3394
qwen3.6-35b,full,362,2,2553,718,3271
qwen3.6-35b,full,363,2,2875,782,3657
qwen3.6-35b,full,364,2,2892,923,3815
qwen3.6-35b,full,365,2,2527,635,3162
qwen3.6-35b,full,366,2,2868,961,3829
qwen3.6-35b,full,367,2,2887,951,3838
qwen3.6-35b,full,368,2,2567,711,3278
qwen3.6-35b,full,369,2,2695,750,3445
qwen3.6-35b,full,370,2,2682,731,3413
qwen3.6-35b,full,371,2,2625,667,3292
qwen3.6-35b,full,372,2,2449,684,3133
qwen3.6-35b,full,373,2,2904,950,3854
qwen3.6-35b,full,374,2,2910,734,3644
qwen3.6-35b,full,375,2,2771,688,3459
qwen3.6-35b,full,376,2,2707,808,3515
qwen3.6-35b,full,377,2,2585,792,3377
qwen3.6-35b,full,378,2,2558,578,3136
qwen3.6-35b,full,379,2,2791,880,3671
qwen3.6-35b,full,380,2,2573,697,3270
qwen3.6-35b,full,381,2,2494,677,3171
qwen3.6-35b,full,382,2,2520,679,3199
qwen3.6-35b,full,383,2,2462,766,3228
qwen3.6-35b,full,384,2,2645,658,3303
qwen3.6-35b,full,385,2,2642,654,3296
qwen3.6-35b,full,386,2,2670,798,3468
qwen3.6-35b,full,387,2,2559,652,3211
qwen3.6-35b,full,388,2,2670,962,3632
qwen3.6-35b,full,389,2,2560,618,3178
qwen3.6-35b,full,390,2,2513,918,3431
qwen3.6-35b,full,391,2,2449,718,3167
qwen3.6-35b,full,392,2,2735,825,3560
qwen3.6-35b,full,393,2,2820,905,3725
qwen3.6-35b,full,394,2,2429,696,3125
qwen3.6-35b,full,395,2,2493,631,3124
qwen3.6-35b,full,396,2,2770,860,3630
qwen3.6-35b,full,397,2,2486,762,3248
qwen3.6-35b,full,398,2,2783,714,3497
qwen3.6-35b,full,399,2,2586,798,3384
qwen3.6-35b,full,400,2,2709,764,3473
qwen3.6-35b,full,401,2,2783,799,3582
qwen3.6-35b,full,402,2,2642,709,3351
qwen3.6-35b,full,403,2,2882,728,3610
qwen3.6-35b,full,404,2,2679,743,3422
qwen3.6-35b,full,405,2,2685,876,3561
qwen3.6-35b,full,406,2,2650,783,3433
qwen3.6-35b,full,407,2,2779,814,3593
qwen3.6-35b,full,408,2,2657,809,3466
qwen3.6-35b,full,409,2,2431,722,3153
qwen3.6-35b,full,410,2,2661,848,3509
qwen3.6-35b,full,411,2,2589,678,3267
qwen3.6-35b,full,412,2,2793,956,3749
qwen3.6-35b,full,413,2,2626,624,3250
qwen3.6-35b,full,414,2,2684,858,3542
qwen3.6-35b,full,415,2,2603,890,3493
qwen3.6-35b,full,416,2,2773,816,3589
qwen3.6-35b,full,417,2,2372,734,3106
qwen3.6-35b,full,418,2,2612,685,3297
qwen3.6-35b,full,419,2,2764,732,3496
qwen3.6-35b,full,420,2,2802,705,3507
qwen3.6-35b,full,421,2,2739,902,3641
qwen3.6-35b,full,422,2,2588,634,3222
qwen3.6-35b,full,423,2,2724,765,3489
qwen3.6-35b,full,424,2,2378,667,3045
qwen3.6-35b,full,425,2,2940,1086,4026
qwen3.6-35b,full,426,2,2780,820,3600
qwen3.6-35b,full,427,2,3030,912,3942
qwen3.6-35b,full,428,2,3143,963,4106
qwen3.6-35b,full,429,2,2584,737,3321
qwen3.6-35b,full,430,2,2570,838,3408
qwen3.6-35b,full,431,2,2625,723,3348
qwen3.6-35b,full,432,2,2703,894,3597
qwen3.6-35b,full,433,2,2823,847,3670
qwen3.6-35b,full,434,2,2788,892,3680
qwen3.6-35b,full,435,2,2564,766,3330
qwen3.6-35b,full,436,2,2718,891,3609
qwen3.6-35b,full,437,2,2341,617,2958
qwen3.6-35b,full,438,2,2721,688,3409
qwen3.6-35b,full,439,2,2818,814,3632
qwen3.6-35b,full,440,2,2920,850,3770
qwen3.6-35b,full,441,2,2721,757,3478
qwen3.6-35b,full,442,2,2801,878,3679
qwen3.6-35b,full,443,2,2563,707,3270
qwen3.6-35b,full,444,2,2402,584,2986
qwen3.6-35b,full,445,2,2765,691,3456
qwen3.6-35b,full,446,2,2763,915,3678
qwen3.6-35b,full,447,2,2504,668,3172
qwen3.6-35b,full,448,2,2904,756,3660
qwen3.6-35b,full,449,2,2683,780,3463
qwen3.6-35b,full,450,2,2535,731,3266
qwen3.6-35b,full,451,2,2647,775,3422
qwen3.6-35b,full,452,2,2542,894,3436
qwen3.6-35b,full,453,2,2842,975,3817
qwen3.6-35b,full,454,2,2746,807,3553
qwen3.6-35b,full,455,2,2636,803,3439
qwen3.6-35b,full,456,2,2651,757,3408
qwen3.6-35b,full,457,2,2514,600,3114
qwen3.6-35b,full,458,2,2627,716,3343
qwen3.6-35b,full,459,2,2706,750,3456
qwen3.6-35b,full,460,2,2722,898,3620
qwen3.6-35b,full,461,2,2743,764,3507
qwen3.6-35b,full,462,2,2646,858,3504
qwen3.6-35b,full,463,2,2433,775,3208
qwen3.6-35b,full,464,2,2926,792,3718
qwen3.6-35b,full,465,2,2769,841,3610
qwen3.6-35b,full,466,2,2861,942,3803
qwen3.6-35b,full,467,2,2620,774,3394
qwen3.6-35b,full,468,2,2809,963,3772
qwen3.6-35b,full,469,2,2802,866,3668
qwen3.6-35b,full,470,2,2571,771,3342
qwen3.6-35b,full,471,2,2761,789,3550
qwen3.6-35b,full,472,2,2690,856,3546
qwen3.6-35b,full,473,2,2630,813,3443
qwen3.6-35b,full,474,2,2597,759,3356
qwen3.6-35b,full,475,2,2441,598,3039
qwen3.6-35b,full,476,2,2934,818,3752
qwen3.6-35b,full,477,2,2590,775,3365
qwen3.6-35b,full,478,2,2618,824,3442
qwen3.6-35b,full,479,2,2602,857,3459
qwen3.6-35b,full,480,2,2431,773,3204
qwen3.6-35b,full,481,2,2524,724,3248
qwen3.6-35b,full,482,2,2705,739,3444
qwen3.6-35b,full,483,2,2381,729,3110
qwen3.6-35b,full,484,2,2638,659,3297
qwen3.6-35b,full,485,2,2541,613,3154
qwen3.6-35b,full,486,2,2277,682,2959
qwen3.6-35b,full,487,2,2637,824,3461
qwen3.6-35b,full,488,2,2642,861,3503
qwen3.6-35b,full,489,2,2875,927,3802
qwen3.6-35b,full,490,2,2876,774,3650
qwen3.6-35b,full,491,2,2499,771,3270
qwen3.6-35b,full,492,2,2706,761,3467
qwen3.6-35b,full,493,2,2525,706,3231
qwen3.6-35b,full,494,2,2791,945,3736
qwen3.6-35b,full,495,2,2730,906,3636
qwen3.6-35b,full,496,2,2624,798,3422
qwen3.6-35b,full,497,2,2371,656,3027
qwen3.6-35b,full,498,2,2897,695,3592
qwen3.6-35b,full,499,2,2912,801,3713
qwen3.6-35b,full,500,2,2572,768,3340
qwen3.6-35b,no_formulation,1,2,2167,734,2901
qwen3.6-35b,no_formulation,2,2,2044,649,2693
qwen3.6-35b,no_formulation,3,2,2175,796,2971
qwen3.6-35b,no_formulation,4,2,2035,760,2795
qwen3.6-35b,no_formulation,5,2,1945,674,2619
qwen3.6-35b,no_formulation,6,2,2226,719,2945
qwen3.6-35b,no_formulation,7,2,2081,730,2811
qwen3.6-35b,no_formulation,8,2,2059,762,2821
qwen3.6-35b,no_formulation,9,2,2131,828,2959
qwen3.6-35b,no_formulation,10,2,2078,689,2767
qwen3.6-35b,no_formulation,11,2,2221,778,2999
qwen3.6-35b,no_formulation,12,2,2125,716,2841
qwen3.6-35b,no_formulation,13,2,2053,690,2743
qwen3.6-35b,no_formulation,14,2,2288,819,3107
qwen3.6-35b,no_formulation,15,2,1938,735,2673
qwen3.6-35b,no_formulation,16,2,2258,745,3003
qwen3.6-35b,no_formulation,17,2,2430,867,3297
qwen3.6-35b,no_formulation,18,2,1987,790,2777
qwen3.6-35b,no_formulation,19,2,1949,644,2593
qwen3.6-35b,no_formulation,20,2,2085,708,2793
qwen3.6-35b,no_formulation,21,2,2040,655,2695
qwen3.6-35b,no_formulation,22,2,2044,827,2871
qwen3.6-35b,no_formulation,23,2,2304,845,3149
qwen3.6-35b,no_formulation,24,2,2077,804,2881
qwen3.6-35b,no_formulation,25,2,2117,910,3027
qwen3.6-35b,no_formulation,26,2,2206,749,2955
qwen3.6-35b,no_formulation,27,2,1896,701,2597
qwen3.6-35b,no_formulation,28,2,1932,729,2661
qwen3.6-35b,no_formulation,29,2,2126,797,2923
qwen3.6-35b,no_formulation,30,2,2159,770,2929
qwen3.6-35b,no_formulation,31,2,2296,789,3085
qwen3.6-35b,no_formulation,32,2,2224,801,3025
qwen3.6-35b,no_formulation,33,2,2250,959,3209
qwen3.6-35b,no_formulation,34,2,1989,690,2679
qwen3.6-35b,no_formulation,35,2,2254,781,3035
qwen3.6-35b,no_formulation,36,2,2155,784,2939
qwen3.6-35b,no_formulation,37,2,2102,795,2897
qwen3.6-35b,no_formulation,38,2,2164,757,2921
qwen3.6-35b,no_formulation,39,2,2123,760,2883
qwen3.6-35b,no_formulation,40,2,2135,866,3001
qwen3.6-35b,no_formulation,41,2,2135,840,2975
qwen3.6-35b,no_formulation,42,2,2397,902,3299
qwen3.6-35b,no_formulation,43,2,2057,660,2717
qwen3.6-35b,no_formulation,44,2,2217,784,3001
qwen3.6-35b,no_formulation,45,2,2379,962,3341
qwen3.6-35b,no_formulation,46,2,2246,795,3041
qwen3.6-35b,no_formulation,47,2,1926,811,2737
qwen3.6-35b,no_formulation,48,2,2049,830,2879
qwen3.6-35b,no_formulation,49,2,2031,662,2693
qwen3.6-35b,no_formulation,50,2,1997,674,2671
qwen3.6-35b,no_formulation,51,2,2238,797,3035
qwen3.6-35b,no_formulation,52,2,2012,709,2721
qwen3.6-35b,no_formulation,53,2,2065,738,2803
qwen3.6-35b,no_formulation,54,2,2057,780,2837
qwen3.6-35b,no_formulation,55,2,2210,927,3137
qwen3.6-35b,no_formulation,56,2,2044,787,2831
qwen3.6-35b,no_formulation,57,2,2298,773,3071
qwen3.6-35b,no_formulation,58,2,2130,737,2867
qwen3.6-35b,no_formulation,59,2,2051,666,2717
qwen3.6-35b,no_formulation,60,2,2060,707,2767
qwen3.6-35b,no_formulation,61,2,2055,850,2905
qwen3.6-35b,no_formulation,62,2,2151,800,2951
qwen3.6-35b,no_formulation,63,2,2119,812,2931
qwen3.6-35b,no_formulation,64,2,2045,760,2805
qwen3.6-35b,no_formulation,65,2,1909,706,2615
qwen3.6-35b,no_formulation,66,2,2197,820,3017
qwen3.6-35b,no_formulation,67,2,2298,883,3181
qwen3.6-35b,no_formulation,68,2,2002,829,2831
qwen3.6-35b,no_formulation,69,2,1930,663,2593
qwen3.6-35b,no_formulation,70,2,2008,719,2727
qwen3.6-35b,no_formulation,71,2,2204,839,3043
qwen3.6-35b,no_formulation,72,2,2044,717,2761
qwen3.6-35b,no_formulation,73,2,1973,712,2685
qwen3.6-35b,no_formulation,74,2,2096,779,2875
qwen3.6-35b,no_formulation,75,2,2280,775,3055
qwen3.6-35b,no_formulation,76,2,1872,651,2523
qwen3.6-35b,no_formulation,77,2,2195,744,2939
qwen3.6-35b,no_formulation,78,2,2129,748,2877
qwen3.6-35b,no_formulation,79,2,2037,832,2869
qwen3.6-35b,no_formulation,80,2,2143,820,2963
qwen3.6-35b,no_formulation,81,2,2201,800,3001
qwen3.6-35b,no_formulation,82,2,2116,819,2935
qwen3.6-35b,no_formulation,83,2,2096,677,2773
qwen3.6-35b,no_formulation,84,2,2371,918,3289
qwen3.6-35b,no_formulation,85,2,2180,669,2849
qwen3.6-35b,no_formulation,86,2,2188,801,2989
qwen3.6-35b,no_formulation,87,2,1990,747,2737
qwen3.6-35b,no_formulation,88,2,2301,870,3171
qwen3.6-35b,no_formulation,89,2,2078,835,2913
qwen3.6-35b,no_formulation,90,2,2122,883,3005
qwen3.6-35b,no_formulation,91,2,2114,747,2861
qwen3.6-35b,no_formulation,92,2,2106,857,2963
qwen3.6-35b,no_formulation,93,2,2116,801,2917
qwen3.6-35b,no_formulation,94,2,2126,811,2937
qwen3.6-35b,no_formulation,95,2,2203,796,2999
qwen3.6-35b,no_formulation,96,2,2137,794,2931
qwen3.6-35b,no_formulation,97,2,2208,709,2917
qwen3.6-35b,no_formulation,98,2,1944,671,2615
qwen3.6-35b,no_formulation,99,2,2093,794,2887
qwen3.6-35b,no_formulation,100,2,2074,753,2827
qwen3.6-35b,no_formulation,101,2,2365,862,3227
qwen3.6-35b,no_formulation,102,2,2058,893,2951
qwen3.6-35b,no_formulation,103,2,2098,765,2863
qwen3.6-35b,no_formulation,104,2,2086,651,2737
qwen3.6-35b,no_formulation,105,2,2166,745,2911
qwen3.6-35b,no_formulation,106,2,2032,743,2775
qwen3.6-35b,no_formulation,107,2,2331,878,3209
qwen3.6-35b,no_formulation,108,2,2097,718,2815
qwen3.6-35b,no_formulation,109,2,2217,730,2947
qwen3.6-35b,no_formulation,110,2,2257,734,2991
qwen3.6-35b,no_formulation,111,2,2096,797,2893
qwen3.6-35b,no_formulation,112,2,2058,765,2823
qwen3.6-35b,no_formulation,113,2,2157,672,2829
qwen3.6-35b,no_formulation,114,2,2076,839,2915
qwen3.6-35b,no_formulation,115,2,1957,740,2697
qwen3.6-35b,no_formulation,116,2,2212,809,3021
qwen3.6-35b,no_formulation,117,2,2149,754,2903
qwen3.6-35b,no_formulation,118,2,2249,794,3043
qwen3.6-35b,no_formulation,119,2,2048,785,2833
qwen3.6-35b,no_formulation,120,2,1881,718,2599
qwen3.6-35b,no_formulation,121,2,2155,788,2943
qwen3.6-35b,no_formulation,122,2,2184,729,2913
qwen3.6-35b,no_formulation,123,2,2017,800,2817
qwen3.6-35b,no_formulation,124,2,2272,833,3105
qwen3.6-35b,no_formulation,125,2,2225,808,3033
qwen3.6-35b,no_formulation,126,2,2274,771,3045
qwen3.6-35b,no_formulation,127,2,1975,690,2665
qwen3.6-35b,no_formulation,128,2,2164,757,2921
qwen3.6-35b,no_formulation,129,2,2286,825,3111
qwen3.6-35b,no_formulation,130,2,1940,737,2677
qwen3.6-35b,no_formulation,131,2,1974,685,2659
qwen3.6-35b,no_formulation,132,2,2173,850,3023
qwen3.6-35b,no_formulation,133,2,2031,818,2849
qwen3.6-35b,no_formulation,134,2,1962,787,2749
qwen3.6-35b,no_formulation,135,2,2361,948,3309
qwen3.6-35b,no_formulation,136,2,2213,824,3037
qwen3.6-35b,no_formulation,137,2,2160,761,2921
qwen3.6-35b,no_formulation,138,2,1797,648,2445
qwen3.6-35b,no_formulation,139,2,2046,705,2751
qwen3.6-35b,no_formulation,140,2,2304,857,3161
qwen3.6-35b,no_formulation,141,2,2100,773,2873
qwen3.6-35b,no_formulation,142,2,1952,757,2709
qwen3.6-35b,no_formulation,143,2,2182,793,2975
qwen3.6-35b,no_formulation,144,2,2240,801,3041
qwen3.6-35b,no_formulation,145,2,2003,724,2727
qwen3.6-35b,no_formulation,146,2,2204,799,3003
qwen3.6-35b,no_formulation,147,2,2335,824,3159
qwen3.6-35b,no_formulation,148,2,2239,720,2959
qwen3.6-35b,no_formulation,149,2,2380,985,3365
qwen3.6-35b,no_formulation,150,2,2387,862,3249
qwen3.6-35b,no_formulation,151,2,2273,988,3261
qwen3.6-35b,no_formulation,152,2,2320,977,3297
qwen3.6-35b,no_formulation,153,2,2322,809,3131
qwen3.6-35b,no_formulation,154,2,2213,716,2929
qwen3.6-35b,no_formulation,155,2,2221,698,2919
qwen3.6-35b,no_formulation,156,2,2139,694,2833
qwen3.6-35b,no_formulation,157,2,2232,843,3075
qwen3.6-35b,no_formulation,158,2,2067,764,2831
qwen3.6-35b,no_formulation,159,2,2142,787,2929
qwen3.6-35b,no_formulation,160,2,2194,847,3041
qwen3.6-35b,no_formulation,161,2,2087,766,2853
qwen3.6-35b,no_formulation,162,2,2176,833,3009
qwen3.6-35b,no_formulation,163,2,2224,767,2991
qwen3.6-35b,no_formulation,164,2,2167,782,2949
qwen3.6-35b,no_formulation,165,2,2338,831,3169
qwen3.6-35b,no_formulation,166,2,2058,715,2773
qwen3.6-35b,no_formulation,167,2,2174,769,2943
qwen3.6-35b,no_formulation,168,2,2281,876,3157
qwen3.6-35b,no_formulation,169,2,2246,821,3067
qwen3.6-35b,no_formulation,170,2,2051,732,2783
qwen3.6-35b,no_formulation,171,2,2210,727,2937
qwen3.6-35b,no_formulation,172,2,2101,730,2831
qwen3.6-35b,no_formulation,173,2,2091,780,2871
qwen3.6-35b,no_formulation,174,2,2054,683,2737
qwen3.6-35b,no_formulation,175,2,1992,693,2685
qwen3.6-35b,no_formulation,176,2,2016,695,2711
qwen3.6-35b,no_formulation,177,2,2288,773,3061
qwen3.6-35b,no_formulation,178,2,2407,894,3301
qwen3.6-35b,no_formulation,179,2,2283,888,3171
qwen3.6-35b,no_formulation,180,2,1934,779,2713
qwen3.6-35b,no_formulation,181,2,2340,851,3191
qwen3.6-35b,no_formulation,182,2,2092,811,2903
qwen3.6-35b,no_formulation,183,2,2113,722,2835
qwen3.6-35b,no_formulation,184,2,2194,803,2997
qwen3.6-35b,no_formulation,185,2,2179,764,2943
qwen3.6-35b,no_formulation,186,2,2338,825,3163
qwen3.6-35b,no_formulation,187,2,2135,814,2949
qwen3.6-35b,no_formulation,188,2,2057,808,2865
qwen3.6-35b,no_formulation,189,2,1982,801,2783
qwen3.6-35b,no_formulation,190,2,1923,526,2449
qwen3.6-35b,no_formulation,191,2,2125,850,2975
qwen3.6-35b,no_formulation,192,2,2176,779,2955
qwen3.6-35b,no_formulation,193,2,2065,756,2821
qwen3.6-35b,no_formulation,194,2,2126,721,2847
qwen3.6-35b,no_formulation,195,2,2013,810,2823
qwen3.6-35b,no_formulation,196,2,2221,726,2947
qwen3.6-35b,no_formulation,197,2,2075,792,2867
qwen3.6-35b,no_formulation,198,2,2228,707,2935
qwen3.6-35b,no_formulation,199,2,2254,799,3053
qwen3.6-35b,no_formulation,200,2,2257,862,3119
qwen3.6-35b,no_formulation,201,2,2101,704,2805
qwen3.6-35b,no_formulation,202,2,2034,889,2923
qwen3.6-35b,no_formulation,203,2,2171,896,3067
qwen3.6-35b,no_formulation,204,2,2007,776,2783
qwen3.6-35b,no_formulation,205,2,2221,802,3023
qwen3.6-35b,no_formulation,206,2,2285,766,3051
qwen3.6-35b,no_formulation,207,2,1868,717,2585
qwen3.6-35b,no_formulation,208,2,2405,880,3285
qwen3.6-35b,no_formulation,209,2,2309,868,3177
qwen3.6-35b,no_formulation,210,2,1922,653,2575
qwen3.6-35b,no_formulation,211,2,2148,831,2979
qwen3.6-35b,no_formulation,212,2,2179,808,2987
qwen3.6-35b,no_formulation,213,2,2271,756,3027
qwen3.6-35b,no_formulation,214,2,2214,839,3053
qwen3.6-35b,no_formulation,215,2,2312,821,3133
qwen3.6-35b,no_formulation,216,2,2412,875,3287
qwen3.6-35b,no_formulation,217,2,2304,781,3085
qwen3.6-35b,no_formulation,218,2,2111,718,2829
qwen3.6-35b,no_formulation,219,2,2108,893,3001
qwen3.6-35b,no_formulation,220,2,2281,772,3053
qwen3.6-35b,no_formulation,221,2,2218,813,3031
qwen3.6-35b,no_formulation,222,2,2209,790,2999
qwen3.6-35b,no_formulation,223,2,2219,870,3089
qwen3.6-35b,no_formulation,224,2,1987,648,2635
qwen3.6-35b,no_formulation,225,2,2319,900,3219
qwen3.6-35b,no_formulation,226,2,1867,764,2631
qwen3.6-35b,no_formulation,227,2,1956,679,2635
qwen3.6-35b,no_formulation,228,2,2113,760,2873
qwen3.6-35b,no_formulation,229,2,2115,804,2919
qwen3.6-35b,no_formulation,230,2,2198,821,3019
qwen3.6-35b,no_formulation,231,2,2073,810,2883
qwen3.6-35b,no_formulation,232,2,2044,771,2815
qwen3.6-35b,no_formulation,233,2,2016,825,2841
qwen3.6-35b,no_formulation,234,2,2194,895,3089
qwen3.6-35b,no_formulation,235,2,2145,824,2969
qwen3.6-35b,no_formulation,236,2,1932,817,2749
qwen3.6-35b,no_formulation,237,2,2173,764,2937
qwen3.6-35b,no_formulation,238,2,2238,813,3051
qwen3.6-35b,no_formulation,239,2,2149,762,2911
qwen3.6-35b,no_formulation,240,2,2288,825,3113
qwen3.6-35b,no_formulation,241,2,1977,728,2705
qwen3.6-35b,no_formulation,242,2,2104,771,2875
qwen3.6-35b,no_formulation,243,2,2145,754,2899
qwen3.6-35b,no_formulation,244,2,1842,707,2549
qwen3.6-35b,no_formulation,245,2,2243,918,3161
qwen3.6-35b,no_formulation,246,2,2207,752,2959
qwen3.6-35b,no_formulation,247,2,2193,784,2977
qwen3.6-35b,no_formulation,248,2,2239,922,3161
qwen3.6-35b,no_formulation,249,2,2094,761,2855
qwen3.6-35b,no_formulation,250,2,1979,684,2663
qwen3.6-35b,no_formulation,251,2,2072,797,2869
qwen3.6-35b,no_formulation,252,2,2226,835,3061
qwen3.6-35b,no_formulation,253,2,2128,839,2967
qwen3.6-35b,no_formulation,254,2,2250,969,3219
qwen3.6-35b,no_formulation,255,2,2280,827,3107
qwen3.6-35b,no_formulation,256,2,2182,797,2979
qwen3.6-35b,no_formulation,257,2,2173,776,2949
qwen3.6-35b,no_formulation,258,2,2117,880,2997
qwen3.6-35b,no_formulation,259,2,2046,695,2741
qwen3.6-35b,no_formulation,260,2,2076,867,2943
qwen3.6-35b,no_formulation,261,2,2168,745,2913
qwen3.6-35b,no_formulation,262,2,2352,883,3235
qwen3.6-35b,no_formulation,263,2,2343,924,3267
qwen3.6-35b,no_formulation,264,2,1990,705,2695
qwen3.6-35b,no_formulation,265,2,2064,779,2843
qwen3.6-35b,no_formulation,266,2,2285,844,3129
qwen3.6-35b,no_formulation,267,2,2089,764,2853
qwen3.6-35b,no_formulation,268,2,2020,749,2769
qwen3.6-35b,no_formulation,269,2,2255,732,2987
qwen3.6-35b,no_formulation,270,2,2142,737,2879
qwen3.6-35b,no_formulation,271,2,2250,853,3103
qwen3.6-35b,no_formulation,272,2,1801,564,2365
qwen3.6-35b,no_formulation,273,2,2218,827,3045
qwen3.6-35b,no_formulation,274,2,2234,797,3031
qwen3.6-35b,no_formulation,275,2,2148,797,2945
qwen3.6-35b,no_formulation,276,2,2099,722,2821
qwen3.6-35b,no_formulation,277,2,2276,901,3177
qwen3.6-35b,no_formulation,278,2,2309,784,3093
qwen3.6-35b,no_formulation,279,2,1951,760,2711
qwen3.6-35b,no_formulation,280,2,2147,760,2907
qwen3.6-35b,no_formulation,281,2,2052,653,2705
qwen3.6-35b,no_formulation,282,2,2135,880,3015
qwen3.6-35b,no_formulation,283,2,2038,709,2747
qwen3.6-35b,no_formulation,284,2,2326,853,3179
qwen3.6-35b,no_formulation,285,2,2094,679,2773
qwen3.6-35b,no_formulation,286,2,2009,590,2599
qwen3.6-35b,no_formulation,287,2,2242,775,3017
qwen3.6-35b,no_formulation,288,2,2108,769,2877
qwen3.6-35b,no_formulation,289,2,2231,728,2959
qwen3.6-35b,no_formulation,290,2,2257,902,3159
qwen3.6-35b,no_formulation,291,2,2227,786,3013
qwen3.6-35b,no_formulation,292,2,2347,834,3181
qwen3.6-35b,no_formulation,293,2,1962,649,2611
qwen3.6-35b,no_formulation,294,2,2046,869,2915
qwen3.6-35b,no_formulation,295,2,2326,799,3125
qwen3.6-35b,no_formulation,296,2,2297,868,3165
qwen3.6-35b,no_formulation,297,2,2193,728,2921
qwen3.6-35b,no_formulation,298,2,2144,799,2943
qwen3.6-35b,no_formulation,299,2,2289,734,3023
qwen3.6-35b,no_formulation,300,2,2274,769,3043
qwen3.6-35b,no_formulation,301,2,2244,925,3169
qwen3.6-35b,no_formulation,302,2,2203,790,2993
qwen3.6-35b,no_formulation,303,2,2042,841,2883
qwen3.6-35b,no_formulation,304,2,2086,763,2849
qwen3.6-35b,no_formulation,305,2,2243,744,2987
qwen3.6-35b,no_formulation,306,2,2156,811,2967
qwen3.6-35b,no_formulation,307,2,2470,925,3395
qwen3.6-35b,no_formulation,308,2,1980,797,2777
qwen3.6-35b,no_formulation,309,2,2288,777,3065
qwen3.6-35b,no_formulation,310,2,2178,875,3053
qwen3.6-35b,no_formulation,311,2,2234,735,2969
qwen3.6-35b,no_formulation,312,2,1991,728,2719
qwen3.6-35b,no_formulation,313,2,2218,803,3021
qwen3.6-35b,no_formulation,314,2,2151,860,3011
qwen3.6-35b,no_formulation,315,2,2057,802,2859
qwen3.6-35b,no_formulation,316,2,2064,651,2715
qwen3.6-35b,no_formulation,317,2,2231,752,2983
qwen3.6-35b,no_formulation,318,2,2040,825,2865
qwen3.6-35b,no_formulation,319,2,2124,883,3007
qwen3.6-35b,no_formulation,320,2,2158,771,2929
qwen3.6-35b,no_formulation,321,2,2080,897,2977
qwen3.6-35b,no_formulation,322,2,1940,717,2657
qwen3.6-35b,no_formulation,323,2,1795,684,2479
qwen3.6-35b,no_formulation,324,2,2134,801,2935
qwen3.6-35b,no_formulation,325,2,1911,704,2615
qwen3.6-35b,no_formulation,326,2,2246,737,2983
qwen3.6-35b,no_formulation,327,2,2024,633,2657
qwen3.6-35b,no_formulation,328,2,1830,633,2463
qwen3.6-35b,no_formulation,329,2,2103,694,2797
qwen3.6-35b,no_formulation,330,2,2243,834,3077
qwen3.6-35b,no_formulation,331,2,2205,700,2905
qwen3.6-35b,no_formulation,332,2,2084,789,2873
qwen3.6-35b,no_formulation,333,2,2141,766,2907
qwen3.6-35b,no_formulation,334,2,2208,887,3095
qwen3.6-35b,no_formulation,335,2,2396,841,3237
qwen3.6-35b,no_formulation,336,2,2199,802,3001
qwen3.6-35b,no_formulation,337,2,1872,781,2653
qwen3.6-35b,no_formulation,338,2,2049,736,2785
qwen3.6-35b,no_formulation,339,2,2120,699,2819
qwen3.6-35b,no_formulation,340,2,2078,761,2839
qwen3.6-35b,no_formulation,341,2,2052,597,2649
qwen3.6-35b,no_formulation,342,2,2255,818,3073
qwen3.6-35b,no_formulation,343,2,2125,736,2861
qwen3.6-35b,no_formulation,344,2,2123,788,2911
qwen3.6-35b,no_formulation,345,2,2180,659,2839
qwen3.6-35b,no_formulation,346,2,2203,804,3007
qwen3.6-35b,no_formulation,347,2,2094,781,2875
qwen3.6-35b,no_formulation,348,2,2128,703,2831
qwen3.6-35b,no_formulation,349,2,2078,695,2773
qwen3.6-35b,no_formulation,350,2,2107,688,2795
qwen3.6-35b,no_formulation,351,2,1869,654,2523
qwen3.6-35b,no_formulation,352,2,2316,755,3071
qwen3.6-35b,no_formulation,353,2,2096,773,2869
qwen3.6-35b,no_formulation,354,2,2119,738,2857
qwen3.6-35b,no_formulation,355,2,1979,716,2695
qwen3.6-35b,no_formulation,356,2,2219,840,3059
qwen3.6-35b,no_formulation,357,2,2229,690,2919
qwen3.6-35b,no_formulation,358,2,2343,890,3233
qwen3.6-35b,no_formulation,359,2,2153,756,2909
qwen3.6-35b,no_formulation,360,2,1982,795,2777
qwen3.6-35b,no_formulation,361,2,2150,785,2935
qwen3.6-35b,no_formulation,362,2,2108,777,2885
qwen3.6-35b,no_formulation,363,2,2393,850,3243
qwen3.6-35b,no_formulation,364,2,2129,698,2827
qwen3.6-35b,no_formulation,365,2,2213,844,3057
qwen3.6-35b,no_formulation,366,2,2219,796,3015
qwen3.6-35b,no_formulation,367,2,2263,838,3101
qwen3.6-35b,no_formulation,368,2,2367,1014,3381
qwen3.6-35b,no_formulation,369,2,2132,713,2845
qwen3.6-35b,no_formulation,370,2,2150,759,2909
qwen3.6-35b,no_formulation,371,2,2314,829,3143
qwen3.6-35b,no_formulation,372,2,2129,870,2999
qwen3.6-35b,no_formulation,373,2,2330,937,3267
qwen3.6-35b,no_formulation,374,2,2378,809,3187
qwen3.6-35b,no_formulation,375,2,2278,751,3029
qwen3.6-35b,no_formulation,376,2,2104,693,2797
qwen3.6-35b,no_formulation,377,2,2030,719,2749
qwen3.6-35b,no_formulation,378,2,2101,700,2801
qwen3.6-35b,no_formulation,379,2,2139,748,2887
qwen3.6-35b,no_formulation,380,2,1928,631,2559
qwen3.6-35b,no_formulation,381,2,2162,847,3009
qwen3.6-35b,no_formulation,382,2,2087,740,2827
qwen3.6-35b,no_formulation,383,2,1994,809,2803
qwen3.6-35b,no_formulation,384,2,2176,733,2909
qwen3.6-35b,no_formulation,385,2,2153,716,2869
qwen3.6-35b,no_formulation,386,2,2176,807,2983
qwen3.6-35b,no_formulation,387,2,2211,800,3011
qwen3.6-35b,no_formulation,388,2,2037,856,2893
qwen3.6-35b,no_formulation,389,2,2232,811,3043
qwen3.6-35b,no_formulation,390,2,1739,724,2463
qwen3.6-35b,no_formulation,391,2,1952,749,2701
qwen3.6-35b,no_formulation,392,2,2189,780,2969
qwen3.6-35b,no_formulation,393,2,2121,682,2803
qwen3.6-35b,no_formulation,394,2,1938,731,2669
qwen3.6-35b,no_formulation,395,2,2115,826,2941
qwen3.6-35b,no_formulation,396,2,2129,788,2917
qwen3.6-35b,no_formulation,397,2,2091,866,2957
qwen3.6-35b,no_formulation,398,2,2331,848,3179
qwen3.6-35b,no_formulation,399,2,1981,688,2669
qwen3.6-35b,no_formulation,400,2,2309,878,3187
qwen3.6-35b,no_formulation,401,2,2273,828,3101
qwen3.6-35b,no_formulation,402,2,2158,743,2901
qwen3.6-35b,no_formulation,403,2,2352,803,3155
qwen3.6-35b,no_formulation,404,2,2085,728,2813
qwen3.6-35b,no_formulation,405,2,1995,712,2707
qwen3.6-35b,no_formulation,406,2,2014,715,2729
qwen3.6-35b,no_formulation,407,2,1947,640,2587
qwen3.6-35b,no_formulation,408,2,2039,758,2797
qwen3.6-35b,no_formulation,409,2,1925,714,2639
qwen3.6-35b,no_formulation,410,2,1982,739,2721
qwen3.6-35b,no_formulation,411,2,2261,890,3151
qwen3.6-35b,no_formulation,412,2,2209,902,3111
qwen3.6-35b,no_formulation,413,2,2204,759,2963
qwen3.6-35b,no_formulation,414,2,2144,847,2991
qwen3.6-35b,no_formulation,415,2,2049,846,2895
qwen3.6-35b,no_formulation,416,2,2247,800,3047
qwen3.6-35b,no_formulation,417,2,1930,829,2759
qwen3.6-35b,no_formulation,418,2,2175,792,2967
qwen3.6-35b,no_formulation,419,2,2206,717,2923
qwen3.6-35b,no_formulation,420,2,2227,744,2971
qwen3.6-35b,no_formulation,421,2,2109,774,2883
qwen3.6-35b,no_formulation,422,2,2145,756,2901
qwen3.6-35b,no_formulation,423,2,2044,717,2761
qwen3.6-35b,no_formulation,424,2,2004,841,2845
qwen3.6-35b,no_formulation,425,2,2140,823,2963
qwen3.6-35b,no_formulation,426,2,2072,703,2775
qwen3.6-35b,no_formulation,427,2,2385,892,3277
qwen3.6-35b,no_formulation,428,2,2251,750,3001
qwen3.6-35b,no_formulation,429,2,2132,805,2937
qwen3.6-35b,no_formulation,430,2,2045,840,2885
qwen3.6-35b,no_formulation,431,2,2177,816,2993
qwen3.6-35b,no_formulation,432,2,2200,881,3081
qwen3.6-35b,no_formulation,433,2,2224,791,3015
qwen3.6-35b,no_formulation,434,2,2166,765,2931
qwen3.6-35b,no_formulation,435,2,2079,786,2865
qwen3.6-35b,no_formulation,436,2,2141,834,2975
qwen3.6-35b,no_formulation,437,2,2022,813,2835
qwen3.6-35b,no_formulation,438,2,2140,737,2877
qwen3.6-35b,no_formulation,439,2,2414,929,3343
qwen3.6-35b,no_formulation,440,2,2305,808,3113
qwen3.6-35b,no_formulation,441,2,2273,848,3121
qwen3.6-35b,no_formulation,442,2,1992,601,2593
qwen3.6-35b,no_formulation,443,2,2111,750,2861
qwen3.6-35b,no_formulation,444,2,2033,720,2753
qwen3.6-35b,no_formulation,445,2,2348,895,3243
qwen3.6-35b,no_formulation,446,2,2231,894,3125
qwen3.6-35b,no_formulation,447,2,2115,822,2937
qwen3.6-35b,no_formulation,448,2,2382,881,3263
qwen3.6-35b,no_formulation,449,2,1988,589,2577
qwen3.6-35b,no_formulation,450,2,2144,839,2983
qwen3.6-35b,no_formulation,451,2,2190,837,3027
qwen3.6-35b,no_formulation,452,2,1964,843,2807
qwen3.6-35b,no_formulation,453,2,2100,781,2881
qwen3.6-35b,no_formulation,454,2,2145,750,2895
qwen3.6-35b,no_formulation,455,2,2020,749,2769
qwen3.6-35b,no_formulation,456,2,2164,795,2959
qwen3.6-35b,no_formulation,457,2,2160,727,2887
qwen3.6-35b,no_formulation,458,2,2202,839,3041
qwen3.6-35b,no_formulation,459,2,2227,826,3053
qwen3.6-35b,no_formulation,460,2,2170,885,3055
qwen3.6-35b,no_formulation,461,2,2236,841,3077
qwen3.6-35b,no_formulation,462,2,1996,719,2715
qwen3.6-35b,no_formulation,463,2,1822,693,2515
qwen3.6-35b,no_formulation,464,2,2240,743,2983
qwen3.6-35b,no_formulation,465,2,2110,745,2855
qwen3.6-35b,no_formulation,466,2,2119,804,2923
qwen3.6-35b,no_formulation,467,2,2043,718,2761
qwen3.6-35b,no_formulation,468,2,2103,798,2901
qwen3.6-35b,no_formulation,469,2,2300,851,3151
qwen3.6-35b,no_formulation,470,2,2106,801,2907
qwen3.6-35b,no_formulation,471,2,2187,750,2937
qwen3.6-35b,no_formulation,472,2,2147,814,2961
qwen3.6-35b,no_formulation,473,2,1968,681,2649
qwen3.6-35b,no_formulation,474,2,2004,747,2751
qwen3.6-35b,no_formulation,475,2,2108,797,2905
qwen3.6-35b,no_formulation,476,2,2313,792,3105
qwen3.6-35b,no_formulation,477,2,2074,783,2857
qwen3.6-35b,no_formulation,478,2,1971,718,2689
qwen3.6-35b,no_formulation,479,2,1965,722,2687
qwen3.6-35b,no_formulation,480,2,1839,710,2549
qwen3.6-35b,no_formulation,481,2,1942,701,2643
qwen3.6-35b,no_formulation,482,2,2065,684,2749
qwen3.6-35b,no_formulation,483,2,1848,719,2567
qwen3.6-35b,no_formulation,484,2,2297,882,3179
qwen3.6-35b,no_formulation,485,2,2188,807,2995
qwen3.6-35b,no_formulation,486,2,1763,748,2511
qwen3.6-35b,no_formulation,487,2,2081,782,2863
qwen3.6-35b,no_formulation,488,2,2117,834,2951
qwen3.6-35b,no_formulation,489,2,2368,947,3315
qwen3.6-35b,no_formulation,490,2,2257,772,3029
qwen3.6-35b,no_formulation,491,2,2057,836,2893
qwen3.6-35b,no_formulation,492,2,2209,830,3039
qwen3.6-35b,no_formulation,493,2,2205,894,3099
qwen3.6-35b,no_formulation,494,2,2216,883,3099
qwen3.6-35b,no_formulation,495,2,2123,838,2961
qwen3.6-35b,no_formulation,496,2,2068,767,2835
qwen3.6-35b,no_formulation,497,2,1896,705,2601
qwen3.6-35b,no_formulation,498,2,2493,928,3421
qwen3.6-35b,no_formulation,499,2,2132,661,2793
qwen3.6-35b,no_formulation,500,2,1936,703,2639
qwen3.6-35b,zero_shot,1,1,200,665,865
qwen3.6-35b,zero_shot,2,1,195,558,753
qwen3.6-35b,zero_shot,3,1,196,700,896
qwen3.6-35b,zero_shot,4,1,200,646,846
qwen3.6-35b,zero_shot,5,1,198,662,860
qwen3.6-35b,zero_shot,6,1,199,681,880
qwen3.6-35b,zero_shot,7,1,198,676,874
qwen3.6-35b,zero_shot,8,1,197,839,1036
qwen3.6-35b,zero_shot,9,1,198,715,913
qwen3.6-35b,zero_shot,10,1,201,713,914
qwen3.6-35b,zero_shot,11,1,196,657,853
qwen3.6-35b,zero_shot,12,1,197,636,833
qwen3.6-35b,zero_shot,13,1,193,680,873
qwen3.6-35b,zero_shot,14,1,194,839,1033
qwen3.6-35b,zero_shot,15,1,198,699,897
qwen3.6-35b,zero_shot,16,1,202,790,992
qwen3.6-35b,zero_shot,17,1,201,622,823
qwen3.6-35b,zero_shot,18,1,199,665,864
qwen3.6-35b,zero_shot,19,1,196,595,791
qwen3.6-35b,zero_shot,20,1,197,691,888
qwen3.6-35b,zero_shot,21,1,200,669,869
qwen3.6-35b,zero_shot,22,1,196,798,994
qwen3.6-35b,zero_shot,23,1,199,627,826
qwen3.6-35b,zero_shot,24,1,195,635,830
qwen3.6-35b,zero_shot,25,1,198,652,850
qwen3.6-35b,zero_shot,26,1,197,807,1004
qwen3.6-35b,zero_shot,27,1,198,820,1018
qwen3.6-35b,zero_shot,28,1,195,858,1053
qwen3.6-35b,zero_shot,29,1,196,793,989
qwen3.6-35b,zero_shot,30,1,194,757,951
qwen3.6-35b,zero_shot,31,1,201,708,909
qwen3.6-35b,zero_shot,32,1,195,655,850
qwen3.6-35b,zero_shot,33,1,194,764,958
qwen3.6-35b,zero_shot,34,1,195,877,1072
qwen3.6-35b,zero_shot,35,1,197,654,851
qwen3.6-35b,zero_shot,36,1,197,720,917
qwen3.6-35b,zero_shot,37,1,197,717,914
qwen3.6-35b,zero_shot,38,1,197,717,914
qwen3.6-35b,zero_shot,39,1,201,667,868
qwen3.6-35b,zero_shot,40,1,194,795,989
qwen3.6-35b,zero_shot,41,1,193,671,864
qwen3.6-35b,zero_shot,42,1,199,643,842
qwen3.6-35b,zero_shot,43,1,198,677,875
qwen3.6-35b,zero_shot,44,1,200,798,998
qwen3.6-35b,zero_shot,45,1,201,680,881
qwen3.6-35b,zero_shot,46,1,197,696,893
qwen3.6-35b,zero_shot,47,1,194,731,925
qwen3.6-35b,zero_shot,48,1,195,722,917
qwen3.6-35b,zero_shot,49,1,196,728,924
qwen3.6-35b,zero_shot,50,1,198,612,810
qwen3.6-35b,zero_shot,51,1,198,656,854
qwen3.6-35b,zero_shot,52,1,194,711,905
qwen3.6-35b,zero_shot,53,1,198,645,843
qwen3.6-35b,zero_shot,54,1,198,650,848
qwen3.6-35b,zero_shot,55,1,199,768,967
qwen3.6-35b,zero_shot,56,1,201,645,846
qwen3.6-35b,zero_shot,57,1,197,740,937
qwen3.6-35b,zero_shot,58,1,197,737,934
qwen3.6-35b,zero_shot,59,1,196,643,839
qwen3.6-35b,zero_shot,60,1,203,761,964
qwen3.6-35b,zero_shot,61,1,199,699,898
qwen3.6-35b,zero_shot,62,1,201,714,915
qwen3.6-35b,zero_shot,63,1,201,722,923
qwen3.6-35b,zero_shot,64,1,197,720,917
qwen3.6-35b,zero_shot,65,1,200,679,879
qwen3.6-35b,zero_shot,66,1,199,641,840
qwen3.6-35b,zero_shot,67,1,200,759,959
qwen3.6-35b,zero_shot,68,1,196,727,923
qwen3.6-35b,zero_shot,69,1,197,699,896
qwen3.6-35b,zero_shot,70,1,201,752,953
qwen3.6-35b,zero_shot,71,1,196,765,961
qwen3.6-35b,zero_shot,72,1,194,748,942
qwen3.6-35b,zero_shot,73,1,200,699,899
qwen3.6-35b,zero_shot,74,1,197,677,874
qwen3.6-35b,zero_shot,75,1,197,651,848
qwen3.6-35b,zero_shot,76,1,198,668,866
qwen3.6-35b,zero_shot,77,1,197,774,971
qwen3.6-35b,zero_shot,78,1,193,725,918
qwen3.6-35b,zero_shot,79,1,199,676,875
qwen3.6-35b,zero_shot,80,1,200,660,860
qwen3.6-35b,zero_shot,81,1,193,698,891
qwen3.6-35b,zero_shot,82,1,196,631,827
qwen3.6-35b,zero_shot,83,1,197,660,857
qwen3.6-35b,zero_shot,84,1,198,667,865
qwen3.6-35b,zero_shot,85,1,196,797,993
qwen3.6-35b,zero_shot,86,1,196,705,901
qwen3.6-35b,zero_shot,87,1,196,582,778
qwen3.6-35b,zero_shot,88,1,199,699,898
qwen3.6-35b,zero_shot,89,1,199,795,994
qwen3.6-35b,zero_shot,90,1,196,711,907
qwen3.6-35b,zero_shot,91,1,195,692,887
qwen3.6-35b,zero_shot,92,1,197,667,864
qwen3.6-35b,zero_shot,93,1,199,626,825
qwen3.6-35b,zero_shot,94,1,193,631,824
qwen3.6-35b,zero_shot,95,1,197,737,934
qwen3.6-35b,zero_shot,96,1,196,854,1050
qwen3.6-35b,zero_shot,97,1,199,670,869
qwen3.6-35b,zero_shot,98,1,197,700,897
qwen3.6-35b,zero_shot,99,1,200,664,864
qwen3.6-35b,zero_shot,100,1,198,685,883
qwen3.6-35b,zero_shot,101,1,199,691,890
qwen3.6-35b,zero_shot,102,1,200,685,885
qwen3.6-35b,zero_shot,103,1,201,741,942
qwen3.6-35b,zero_shot,104,1,203,657,860
qwen3.6-35b,zero_shot,105,1,193,676,869
qwen3.6-35b,zero_shot,106,1,201,735,936
qwen3.6-35b,zero_shot,107,1,195,701,896
qwen3.6-35b,zero_shot,108,1,198,746,944
qwen3.6-35b,zero_shot,109,1,197,754,951
qwen3.6-35b,zero_shot,110,1,202,831,1033
qwen3.6-35b,zero_shot,111,1,197,571,768
qwen3.6-35b,zero_shot,112,1,196,794,990
qwen3.6-35b,zero_shot,113,1,196,686,882
qwen3.6-35b,zero_shot,114,1,195,694,889
qwen3.6-35b,zero_shot,115,1,196,753,949
qwen3.6-35b,zero_shot,116,1,195,646,841
qwen3.6-35b,zero_shot,117,1,201,835,1036
qwen3.6-35b,zero_shot,118,1,200,720,920
qwen3.6-35b,zero_shot,119,1,198,718,916
qwen3.6-35b,zero_shot,120,1,198,673,871
qwen3.6-35b,zero_shot,121,1,194,829,1023
qwen3.6-35b,zero_shot,122,1,201,813,1014
qwen3.6-35b,zero_shot,123,1,197,666,863
qwen3.6-35b,zero_shot,124,1,200,641,841
qwen3.6-35b,zero_shot,125,1,193,843,1036
qwen3.6-35b,zero_shot,126,1,200,704,904
qwen3.6-35b,zero_shot,127,1,201,907,1108
qwen3.6-35b,zero_shot,128,1,199,693,892
qwen3.6-35b,zero_shot,129,1,197,719,916
qwen3.6-35b,zero_shot,130,1,197,660,857
qwen3.6-35b,zero_shot,131,1,193,717,910
qwen3.6-35b,zero_shot,132,1,194,650,844
qwen3.6-35b,zero_shot,133,1,197,864,1061
qwen3.6-35b,zero_shot,134,1,194,776,970
qwen3.6-35b,zero_shot,135,1,194,833,1027
qwen3.6-35b,zero_shot,136,1,195,681,876
qwen3.6-35b,zero_shot,137,1,194,743,937
qwen3.6-35b,zero_shot,138,1,204,648,852
qwen3.6-35b,zero_shot,139,1,198,692,890
qwen3.6-35b,zero_shot,140,1,197,667,864
qwen3.6-35b,zero_shot,141,1,195,667,862
qwen3.6-35b,zero_shot,142,1,197,781,978
qwen3.6-35b,zero_shot,143,1,195,742,937
qwen3.6-35b,zero_shot,144,1,200,741,941
qwen3.6-35b,zero_shot,145,1,197,674,871
qwen3.6-35b,zero_shot,146,1,200,834,1034
qwen3.6-35b,zero_shot,147,1,197,674,871
qwen3.6-35b,zero_shot,148,1,198,620,818
qwen3.6-35b,zero_shot,149,1,196,693,889
qwen3.6-35b,zero_shot,150,1,198,649,847
qwen3.6-35b,zero_shot,151,1,195,660,855
qwen3.6-35b,zero_shot,152,1,194,572,766
qwen3.6-35b,zero_shot,153,1,197,722,919
qwen3.6-35b,zero_shot,154,1,201,629,830
qwen3.6-35b,zero_shot,155,1,196,788,984
qwen3.6-35b,zero_shot,156,1,198,683,881
qwen3.6-35b,zero_shot,157,1,197,763,960
qwen3.6-35b,zero_shot,158,1,198,593,791
qwen3.6-35b,zero_shot,159,1,203,708,911
qwen3.6-35b,zero_shot,160,1,198,680,878
qwen3.6-35b,zero_shot,161,1,200,718,918
qwen3.6-35b,zero_shot,162,1,198,679,877
qwen3.6-35b,zero_shot,163,1,198,688,886
qwen3.6-35b,zero_shot,164,1,194,648,842
qwen3.6-35b,zero_shot,165,1,204,603,807
qwen3.6-35b,zero_shot,166,1,202,708,910
qwen3.6-35b,zero_shot,167,1,200,763,963
qwen3.6-35b,zero_shot,168,1,192,624,816
qwen3.6-35b,zero_shot,169,1,195,685,880
qwen3.6-35b,zero_shot,170,1,194,677,871
qwen3.6-35b,zero_shot,171,1,197,769,966
qwen3.6-35b,zero_shot,172,1,195,611,806
qwen3.6-35b,zero_shot,173,1,195,799,994
qwen3.6-35b,zero_shot,174,1,196,759,955
qwen3.6-35b,zero_shot,175,1,196,659,855
qwen3.6-35b,zero_shot,176,1,196,675,871
qwen3.6-35b,zero_shot,177,1,197,658,855
qwen3.6-35b,zero_shot,178,1,201,655,856
qwen3.6-35b,zero_shot,179,1,198,650,848
qwen3.6-35b,zero_shot,180,1,195,790,985
qwen3.6-35b,zero_shot,181,1,199,821,1020
qwen3.6-35b,zero_shot,182,1,198,658,856
qwen3.6-35b,zero_shot,183,1,197,714,911
qwen3.6-35b,zero_shot,184,1,196,634,830
qwen3.6-35b,zero_shot,185,1,197,781,978
qwen3.6-35b,zero_shot,186,1,195,712,907
qwen3.6-35b,zero_shot,187,1,199,789,988
qwen3.6-35b,zero_shot,188,1,199,810,1009
qwen3.6-35b,zero_shot,189,1,198,710,908
qwen3.6-35b,zero_shot,190,1,200,623,823
qwen3.6-35b,zero_shot,191,1,194,663,857
qwen3.6-35b,zero_shot,192,1,198,748,946
qwen3.6-35b,zero_shot,193,1,201,820,1021
qwen3.6-35b,zero_shot,194,1,199,612,811
qwen3.6-35b,zero_shot,195,1,199,743,942
qwen3.6-35b,zero_shot,196,1,200,673,873
qwen3.6-35b,zero_shot,197,1,197,714,911
qwen3.6-35b,zero_shot,198,1,198,634,832
qwen3.6-35b,zero_shot,199,1,197,645,842
qwen3.6-35b,zero_shot,200,1,203,792,995
qwen3.6-35b,zero_shot,201,1,197,757,954
qwen3.6-35b,zero_shot,202,1,198,722,920
qwen3.6-35b,zero_shot,203,1,201,836,1037
qwen3.6-35b,zero_shot,204,1,193,651,844
qwen3.6-35b,zero_shot,205,1,196,667,863
qwen3.6-35b,zero_shot,206,1,198,874,1072
qwen3.6-35b,zero_shot,207,1,198,740,938
qwen3.6-35b,zero_shot,208,1,197,699,896
qwen3.6-35b,zero_shot,209,1,198,728,926
qwen3.6-35b,zero_shot,210,1,199,796,995
qwen3.6-35b,zero_shot,211,1,198,775,973
qwen3.6-35b,zero_shot,212,1,196,720,916
qwen3.6-35b,zero_shot,213,1,199,758,957
qwen3.6-35b,zero_shot,214,1,199,751,950
qwen3.6-35b,zero_shot,215,1,201,641,842
qwen3.6-35b,zero_shot,216,1,201,771,972
qwen3.6-35b,zero_shot,217,1,199,782,981
qwen3.6-35b,zero_shot,218,1,201,736,937
qwen3.6-35b,zero_shot,219,1,200,680,880
qwen3.6-35b,zero_shot,220,1,198,778,976
qwen3.6-35b,zero_shot,221,1,194,663,857
qwen3.6-35b,zero_shot,222,1,196,898,1094
qwen3.6-35b,zero_shot,223,1,196,790,986
qwen3.6-35b,zero_shot,224,1,195,554,749
qwen3.6-35b,zero_shot,225,1,198,885,1083
qwen3.6-35b,zero_shot,226,1,194,614,808
qwen3.6-35b,zero_shot,227,1,195,703,898
qwen3.6-35b,zero_shot,228,1,201,707,908
qwen3.6-35b,zero_shot,229,1,198,718,916
qwen3.6-35b,zero_shot,230,1,195,572,767
qwen3.6-35b,zero_shot,231,1,194,663,857
qwen3.6-35b,zero_shot,232,1,201,829,1030
qwen3.6-35b,zero_shot,233,1,197,744,941
qwen3.6-35b,zero_shot,234,1,197,569,766
qwen3.6-35b,zero_shot,235,1,193,670,863
qwen3.6-35b,zero_shot,236,1,200,825,1025
qwen3.6-35b,zero_shot,237,1,198,794,992
qwen3.6-35b,zero_shot,238,1,194,836,1030
qwen3.6-35b,zero_shot,239,1,195,676,871
qwen3.6-35b,zero_shot,240,1,200,724,924
qwen3.6-35b,zero_shot,241,1,200,735,935
qwen3.6-35b,zero_shot,242,1,193,777,970
qwen3.6-35b,zero_shot,243,1,195,754,949
qwen3.6-35b,zero_shot,244,1,195,761,956
qwen3.6-35b,zero_shot,245,1,197,694,891
qwen3.6-35b,zero_shot,246,1,193,715,908
qwen3.6-35b,zero_shot,247,1,194,595,789
qwen3.6-35b,zero_shot,248,1,200,787,987
qwen3.6-35b,zero_shot,249,1,197,736,933
qwen3.6-35b,zero_shot,250,1,194,866,1060
qwen3.6-35b,zero_shot,251,1,196,797,993
qwen3.6-35b,zero_shot,252,1,198,646,844
qwen3.6-35b,zero_shot,253,1,194,670,864
qwen3.6-35b,zero_shot,254,1,193,711,904
qwen3.6-35b,zero_shot,255,1,198,721,919
qwen3.6-35b,zero_shot,256,1,197,711,908
qwen3.6-35b,zero_shot,257,1,197,533,730
qwen3.6-35b,zero_shot,258,1,201,696,897
qwen3.6-35b,zero_shot,259,1,199,733,932
qwen3.6-35b,zero_shot,260,1,199,760,959
qwen3.6-35b,zero_shot,261,1,194,649,843
qwen3.6-35b,zero_shot,262,1,195,604,799
qwen3.6-35b,zero_shot,263,1,196,729,925
qwen3.6-35b,zero_shot,264,1,195,722,917
qwen3.6-35b,zero_shot,265,1,195,669,864
qwen3.6-35b,zero_shot,266,1,198,794,992
qwen3.6-35b,zero_shot,267,1,200,747,947
qwen3.6-35b,zero_shot,268,1,196,764,960
qwen3.6-35b,zero_shot,269,1,200,704,904
qwen3.6-35b,zero_shot,270,1,193,767,960
qwen3.6-35b,zero_shot,271,1,196,620,816
qwen3.6-35b,zero_shot,272,1,193,738,931
qwen3.6-35b,zero_shot,273,1,195,887,1082
qwen3.6-35b,zero_shot,274,1,201,742,943
qwen3.6-35b,zero_shot,275,1,195,711,906
qwen3.6-35b,zero_shot,276,1,195,678,873
qwen3.6-35b,zero_shot,277,1,197,655,852
qwen3.6-35b,zero_shot,278,1,200,608,808
qwen3.6-35b,zero_shot,279,1,196,675,871
qwen3.6-35b,zero_shot,280,1,197,730,927
qwen3.6-35b,zero_shot,281,1,194,692,886
qwen3.6-35b,zero_shot,282,1,194,755,949
qwen3.6-35b,zero_shot,283,1,201,776,977
qwen3.6-35b,zero_shot,284,1,193,712,905
qwen3.6-35b,zero_shot,285,1,196,635,831
qwen3.6-35b,zero_shot,286,1,196,629,825
qwen3.6-35b,zero_shot,287,1,202,700,902
qwen3.6-35b,zero_shot,288,1,195,770,965
qwen3.6-35b,zero_shot,289,1,195,765,960
qwen3.6-35b,zero_shot,290,1,203,675,878
qwen3.6-35b,zero_shot,291,1,202,702,904
qwen3.6-35b,zero_shot,292,1,195,690,885
qwen3.6-35b,zero_shot,293,1,196,725,921
qwen3.6-35b,zero_shot,294,1,193,733,926
qwen3.6-35b,zero_shot,295,1,193,710,903
qwen3.6-35b,zero_shot,296,1,194,702,896
qwen3.6-35b,zero_shot,297,1,197,648,845
qwen3.6-35b,zero_shot,298,1,197,809,1006
qwen3.6-35b,zero_shot,299,1,199,600,799
qwen3.6-35b,zero_shot,300,1,194,730,924
qwen3.6-35b,zero_shot,301,1,198,867,1065
qwen3.6-35b,zero_shot,302,1,196,739,935
qwen3.6-35b,zero_shot,303,1,195,669,864
qwen3.6-35b,zero_shot,304,1,200,713,913
qwen3.6-35b,zero_shot,305,1,200,675,875
qwen3.6-35b,zero_shot,306,1,195,856,1051
qwen3.6-35b,zero_shot,307,1,200,620,820
qwen3.6-35b,zero_shot,308,1,195,706,901
qwen3.6-35b,zero_shot,309,1,195,840,1035
qwen3.6-35b,zero_shot,310,1,195,764,959
qwen3.6-35b,zero_shot,311,1,196,730,926
qwen3.6-35b,zero_shot,312,1,194,734,928
qwen3.6-35b,zero_shot,313,1,200,789,989
qwen3.6-35b,zero_shot,314,1,193,810,1003
qwen3.6-35b,zero_shot,315,1,194,656,850
qwen3.6-35b,zero_shot,316,1,199,619,818
qwen3.6-35b,zero_shot,317,1,193,679,872
qwen3.6-35b,zero_shot,318,1,200,625,825
qwen3.6-35b,zero_shot,319,1,202,580,782
qwen3.6-35b,zero_shot,320,1,196,721,917
qwen3.6-35b,zero_shot,321,1,196,730,926
qwen3.6-35b,zero_shot,322,1,197,639,836
qwen3.6-35b,zero_shot,323,1,197,732,929
qwen3.6-35b,zero_shot,324,1,194,641,835
qwen3.6-35b,zero_shot,325,1,198,746,944
qwen3.6-35b,zero_shot,326,1,201,676,877
qwen3.6-35b,zero_shot,327,1,197,793,990
qwen3.6-35b,zero_shot,328,1,197,788,985
qwen3.6-35b,zero_shot,329,1,199,591,790
qwen3.6-35b,zero_shot,330,1,196,715,911
qwen3.6-35b,zero_shot,331,1,196,661,857
qwen3.6-35b,zero_shot,332,1,199,659,858
qwen3.6-35b,zero_shot,333,1,196,627,823
qwen3.6-35b,zero_shot,334,1,197,787,984
qwen3.6-35b,zero_shot,335,1,196,692,888
qwen3.6-35b,zero_shot,336,1,195,693,888
qwen3.6-35b,zero_shot,337,1,197,642,839
qwen3.6-35b,zero_shot,338,1,199,741,940
qwen3.6-35b,zero_shot,339,1,195,617,812
qwen3.6-35b,zero_shot,340,1,199,726,925
qwen3.6-35b,zero_shot,341,1,197,662,859
qwen3.6-35b,zero_shot,342,1,202,718,920
qwen3.6-35b,zero_shot,343,1,198,714,912
qwen3.6-35b,zero_shot,344,1,194,595,789
qwen3.6-35b,zero_shot,345,1,204,765,969
qwen3.6-35b,zero_shot,346,1,198,690,888
qwen3.6-35b,zero_shot,347,1,199,715,914
qwen3.6-35b,zero_shot,348,1,197,655,852
qwen3.6-35b,zero_shot,349,1,200,708,908
qwen3.6-35b,zero_shot,350,1,196,644,840
qwen3.6-35b,zero_shot,351,1,202,686,888
qwen3.6-35b,zero_shot,352,1,198,708,906
qwen3.6-35b,zero_shot,353,1,197,666,863
qwen3.6-35b,zero_shot,354,1,198,741,939
qwen3.6-35b,zero_shot,355,1,193,694,887
qwen3.6-35b,zero_shot,356,1,197,681,878
qwen3.6-35b,zero_shot,357,1,194,718,912
qwen3.6-35b,zero_shot,358,1,197,797,994
qwen3.6-35b,zero_shot,359,1,198,685,883
qwen3.6-35b,zero_shot,360,1,198,586,784
qwen3.6-35b,zero_shot,361,1,195,656,851
qwen3.6-35b,zero_shot,362,1,199,751,950
qwen3.6-35b,zero_shot,363,1,194,705,899
qwen3.6-35b,zero_shot,364,1,196,727,923
qwen3.6-35b,zero_shot,365,1,199,611,810
qwen3.6-35b,zero_shot,366,1,203,733,936
qwen3.6-35b,zero_shot,367,1,200,651,851
qwen3.6-35b,zero_shot,368,1,195,631,826
qwen3.6-35b,zero_shot,369,1,199,604,803
qwen3.6-35b,zero_shot,370,1,197,755,952
qwen3.6-35b,zero_shot,371,1,200,737,937
qwen3.6-35b,zero_shot,372,1,197,680,877
qwen3.6-35b,zero_shot,373,1,197,748,945
qwen3.6-35b,zero_shot,374,1,198,547,745
qwen3.6-35b,zero_shot,375,1,201,755,956
qwen3.6-35b,zero_shot,376,1,198,676,874
qwen3.6-35b,zero_shot,377,1,194,594,788
qwen3.6-35b,zero_shot,378,1,199,731,930
qwen3.6-35b,zero_shot,379,1,196,792,988
qwen3.6-35b,zero_shot,380,1,195,653,848
qwen3.6-35b,zero_shot,381,1,202,785,987
qwen3.6-35b,zero_shot,382,1,201,687,888
qwen3.6-35b,zero_shot,383,1,196,734,930
qwen3.6-35b,zero_shot,384,1,195,814,1009
qwen3.6-35b,zero_shot,385,1,199,793,992
qwen3.6-35b,zero_shot,386,1,202,758,960
qwen3.6-35b,zero_shot,387,1,200,725,925
qwen3.6-35b,zero_shot,388,1,201,736,937
qwen3.6-35b,zero_shot,389,1,200,766,966
qwen3.6-35b,zero_shot,390,1,196,726,922
qwen3.6-35b,zero_shot,391,1,200,616,816
qwen3.6-35b,zero_shot,392,1,195,737,932
qwen3.6-35b,zero_shot,393,1,199,646,845
qwen3.6-35b,zero_shot,394,1,200,761,961
qwen3.6-35b,zero_shot,395,1,194,697,891
qwen3.6-35b,zero_shot,396,1,194,730,924
qwen3.6-35b,zero_shot,397,1,196,693,889
qwen3.6-35b,zero_shot,398,1,199,737,936
qwen3.6-35b,zero_shot,399,1,198,723,921
qwen3.6-35b,zero_shot,400,1,198,581,779
qwen3.6-35b,zero_shot,401,1,197,651,848
qwen3.6-35b,zero_shot,402,1,200,756,956
qwen3.6-35b,zero_shot,403,1,195,853,1048
qwen3.6-35b,zero_shot,404,1,195,693,888
qwen3.6-35b,zero_shot,405,1,195,720,915
qwen3.6-35b,zero_shot,406,1,198,797,995
qwen3.6-35b,zero_shot,407,1,194,758,952
qwen3.6-35b,zero_shot,408,1,194,761,955
qwen3.6-35b,zero_shot,409,1,198,753,951
qwen3.6-35b,zero_shot,410,1,197,760,957
qwen3.6-35b,zero_shot,411,1,195,668,863
qwen3.6-35b,zero_shot,412,1,195,733,928
qwen3.6-35b,zero_shot,413,1,201,664,865
qwen3.6-35b,zero_shot,414,1,198,784,982
qwen3.6-35b,zero_shot,415,1,197,723,920
qwen3.6-35b,zero_shot,416,1,199,692,891
qwen3.6-35b,zero_shot,417,1,193,643,836
qwen3.6-35b,zero_shot,418,1,200,657,857
qwen3.6-35b,zero_shot,419,1,195,613,808
qwen3.6-35b,zero_shot,420,1,194,801,995
qwen3.6-35b,zero_shot,421,1,197,808,1005
qwen3.6-35b,zero_shot,422,1,194,637,831
qwen3.6-35b,zero_shot,423,1,194,684,878
qwen3.6-35b,zero_shot,424,1,198,642,840
qwen3.6-35b,zero_shot,425,1,200,761,961
qwen3.6-35b,zero_shot,426,1,195,719,914
qwen3.6-35b,zero_shot,427,1,196,690,886
qwen3.6-35b,zero_shot,428,1,200,723,923
qwen3.6-35b,zero_shot,429,1,194,570,764
qwen3.6-35b,zero_shot,430,1,197,834,1031
qwen3.6-35b,zero_shot,431,1,194,670,864
qwen3.6-35b,zero_shot,432,1,194,764,958
qwen3.6-35b,zero_shot,433,1,198,702,900
qwen3.6-35b,zero_shot,434,1,196,738,934
qwen3.6-35b,zero_shot,435,1,196,773,969
qwen3.6-35b,zero_shot,436,1,193,625,818
qwen3.6-35b,zero_shot,437,1,194,671,865
qwen3.6-35b,zero_shot,438,1,194,815,1009
qwen3.6-35b,zero_shot,439,1,199,509,708
qwen3.6-35b,zero_shot,440,1,202,786,988
qwen3.6-35b,zero_shot,441,1,197,827,1024
qwen3.6-35b,zero_shot,442,1,200,824,1024
qwen3.6-35b,zero_shot,443,1,195,710,905
qwen3.6-35b,zero_shot,444,1,201,799,1000
qwen3.6-35b,zero_shot,445,1,193,937,1130
qwen3.6-35b,zero_shot,446,1,198,790,988
qwen3.6-35b,zero_shot,447,1,194,777,971
qwen3.6-35b,zero_shot,448,1,194,696,890
qwen3.6-35b,zero_shot,449,1,200,760,960
qwen3.6-35b,zero_shot,450,1,193,782,975
qwen3.6-35b,zero_shot,451,1,196,792,988
qwen3.6-35b,zero_shot,452,1,199,774,973
qwen3.6-35b,zero_shot,453,1,201,655,856
qwen3.6-35b,zero_shot,454,1,194,716,910
qwen3.6-35b,zero_shot,455,1,193,749,942
qwen3.6-35b,zero_shot,456,1,194,793,987
qwen3.6-35b,zero_shot,457,1,195,795,990
qwen3.6-35b,zero_shot,458,1,194,603,797
qwen3.6-35b,zero_shot,459,1,196,712,908
qwen3.6-35b,zero_shot,460,1,196,746,942
qwen3.6-35b,zero_shot,461,1,199,713,912
qwen3.6-35b,zero_shot,462,1,197,625,822
qwen3.6-35b,zero_shot,463,1,200,715,915
qwen3.6-35b,zero_shot,464,1,200,659,859
qwen3.6-35b,zero_shot,465,1,195,695,890
qwen3.6-35b,zero_shot,466,1,193,720,913
qwen3.6-35b,zero_shot,467,1,197,745,942
qwen3.6-35b,zero_shot,468,1,192,690,882
qwen3.6-35b,zero_shot,469,1,195,691,886
qwen3.6-35b,zero_shot,470,1,197,611,808
qwen3.6-35b,zero_shot,471,1,197,719,916
qwen3.6-35b,zero_shot,472,1,196,689,885
qwen3.6-35b,zero_shot,473,1,193,834,1027
qwen3.6-35b,zero_shot,474,1,199,679,878
qwen3.6-35b,zero_shot,475,1,199,776,975
qwen3.6-35b,zero_shot,476,1,200,815,1015
qwen3.6-35b,zero_shot,477,1,199,721,920
qwen3.6-35b,zero_shot,478,1,196,676,872
qwen3.6-35b,zero_shot,479,1,195,695,890
qwen3.6-35b,zero_shot,480,1,200,736,936
qwen3.6-35b,zero_shot,481,1,193,755,948
qwen3.6-35b,zero_shot,482,1,196,695,891
qwen3.6-35b,zero_shot,483,1,196,740,936
qwen3.6-35b,zero_shot,484,1,193,677,870
qwen3.6-35b,zero_shot,485,1,196,672,868
qwen3.6-35b,zero_shot,486,1,196,673,869
qwen3.6-35b,zero_shot,487,1,196,661,857
qwen3.6-35b,zero_shot,488,1,194,797,991
qwen3.6-35b,zero_shot,489,1,197,665,862
qwen3.6-35b,zero_shot,490,1,197,758,955
qwen3.6-35b,zero_shot,491,1,202,760,962
qwen3.6-35b,zero_shot,492,1,203,653,856
qwen3.6-35b,zero_shot,493,1,198,770,968
qwen3.6-35b,zero_shot,494,1,199,732,931
qwen3.6-35b,zero_shot,495,1,196,703,899
qwen3.6-35b,zero_shot,496,1,201,686,887
qwen3.6-35b,zero_shot,497,1,195,705,900
qwen3.6-35b,zero_shot,498,1,198,842,1040
qwen3.6-35b,zero_shot,499,1,195,717,912
qwen3.6-35b,zero_shot,500,1,197,875,1072
